product_id,year,month,demand_quantity,revenue
PROD_0001,2023,1,2670,444675.5
PROD_0001,2023,2,3569,502869.96
PROD_0001,2023,3,4245,646938.77
PROD_0001,2023,4,3633,548410.73
PROD_0001,2023,5,3406,643205.13
PROD_0001,2023,6,2427,440752.99
PROD_0001,2023,7,2754,382366.74
PROD_0001,2023,8,2382,380053.62
PROD_0001,2023,9,2129,341589.81
PROD_0001,2023,10,2178,350524.93
PROD_0001,2023,11,2605,400013.88
PROD_0001,2023,12,2695,393965.83
PROD_0001,2024,1,3095,510445.04
PROD_0001,2024,2,3228,542860.15
PROD_0001,2024,3,4079,689878.79
PROD_0001,2024,4,3200,539884.26
PROD_0001,2024,5,4237,650755.91
PROD_0001,2024,6,2697,503368.19
PROD_0001,2024,7,3166,430999.54
PROD_0001,2024,8,2349,408819.0
PROD_0001,2024,9,2057,354859.75
PROD_0001,2024,10,2497,385402.03
PROD_0001,2024,11,2265,359284.97
PROD_0001,2024,12,2646,420672.20999999996
PROD_0002,2023,1,3141,520774.86
PROD_0002,2023,2,3179,589258.13
PROD_0002,2023,3,3763,627674.21
PROD_0002,2023,4,3455,651912.49
PROD_0002,2023,5,3315,492680.29
PROD_0002,2023,6,3338,559986.38
PROD_0002,2023,7,2412,392932.35
PROD_0002,2023,8,2314,410312.93
PROD_0002,2023,9,1976,345812.58
PROD_0002,2023,10,2174,388388.23
PROD_0002,2023,11,2359,387325.81
PROD_0002,2023,12,2515,449737.70999999996
PROD_0002,2024,1,3319,430453.58
PROD_0002,2024,2,2887,486045.24
PROD_0002,2024,3,3966,660966.9500000001
PROD_0002,2024,4,3433,573020.37
PROD_0002,2024,5,2823,434247.48
PROD_0002,2024,6,2898,520512.05
PROD_0002,2024,7,2760,397982.8
PROD_0002,2024,8,2328,397855.85
PROD_0002,2024,9,2094,406830.9
PROD_0002,2024,10,2244,350478.02
PROD_0002,2024,11,2322,300941.20999999996
PROD_0002,2024,12,2591,442812.45
PROD_0003,2023,1,3630,559075.04
PROD_0003,2023,2,2562,387721.2
PROD_0003,2023,3,3605,602714.67
PROD_0003,2023,4,2930,493861.44
PROD_0003,2023,5,3685,590756.13
PROD_0003,2023,6,2625,422948.56
PROD_0003,2023,7,2816,399881.59
PROD_0003,2023,8,2535,444354.92
PROD_0003,2023,9,2430,356362.64
PROD_0003,2023,10,2190,382274.43
PROD_0003,2023,11,1981,289509.52
PROD_0003,2023,12,2744,484380.77
PROD_0003,2024,1,3157,489507.81
PROD_0003,2024,2,3465,649119.48
PROD_0003,2024,3,3428,594267.23
PROD_0003,2024,4,3449,628833.88
PROD_0003,2024,5,3243,550614.22
PROD_0003,2024,6,2639,394520.96
PROD_0003,2024,7,2775,428983.47000000003
PROD_0003,2024,8,2457,449980.10000000003
PROD_0003,2024,9,1789,324252.48
PROD_0003,2024,10,2149,378024.82999999996
PROD_0003,2024,11,2149,328476.73
PROD_0003,2024,12,2903,468336.62
PROD_0004,2023,1,3179,480665.23
PROD_0004,2023,2,3511,521096.31
PROD_0004,2023,3,2952,463525.77999999997
PROD_0004,2023,4,3053,520705.39
PROD_0004,2023,5,3398,556981.53
PROD_0004,2023,6,3278,493405.98
PROD_0004,2023,7,2407,328679.52
PROD_0004,2023,8,2056,280097.71
PROD_0004,2023,9,1853,307517.07
PROD_0004,2023,10,1933,323699.73
PROD_0004,2023,11,2287,350080.7
PROD_0004,2023,12,2626,435547.38
PROD_0004,2024,1,2757,426026.03
PROD_0004,2024,2,3452,607653.48
PROD_0004,2024,3,3550,590344.76
PROD_0004,2024,4,3562,569654.5
PROD_0004,2024,5,3403,496386.73
PROD_0004,2024,6,2918,454529.17
PROD_0004,2024,7,2898,498832.66
PROD_0004,2024,8,2748,385654.67
PROD_0004,2024,9,2003,326165.49
PROD_0004,2024,10,1855,246474.77000000002
PROD_0004,2024,11,2205,344248.79
PROD_0004,2024,12,2726,381752.76
PROD_0005,2023,1,3059,446293.22
PROD_0005,2023,2,3312,504724.38
PROD_0005,2023,3,3715,603884.36
PROD_0005,2023,4,3760,644859.02
PROD_0005,2023,5,3856,521591.19
PROD_0005,2023,6,2579,441519.76
PROD_0005,2023,7,2242,384684.7
PROD_0005,2023,8,2659,409248.23
PROD_0005,2023,9,2133,328776.15
PROD_0005,2023,10,1956,332847.5
PROD_0005,2023,11,1892,304280.41
PROD_0005,2023,12,2815,451343.73
PROD_0005,2024,1,3016,481692.89
PROD_0005,2024,2,2699,391275.81
PROD_0005,2024,3,3420,485669.4
PROD_0005,2024,4,3436,503588.3
PROD_0005,2024,5,3564,542729.9299999999
PROD_0005,2024,6,3250,497511.95
PROD_0005,2024,7,2932,485313.95
PROD_0005,2024,8,2254,339198.58
PROD_0005,2024,9,2050,313310.35
PROD_0005,2024,10,2298,411043.55
PROD_0005,2024,11,2115,342852.05
PROD_0005,2024,12,2635,434426.45
PROD_0006,2023,1,3571,603338.26
PROD_0006,2023,2,3295,596857.58
PROD_0006,2023,3,3927,664683.79
PROD_0006,2023,4,3947,603832.8
PROD_0006,2023,5,3360,490427.24
PROD_0006,2023,6,3000,481006.7
PROD_0006,2023,7,2750,465823.36
PROD_0006,2023,8,2443,404192.66000000003
PROD_0006,2023,9,2234,369742.0
PROD_0006,2023,10,2264,315018.72
PROD_0006,2023,11,2706,479844.66000000003
PROD_0006,2023,12,2558,439744.0
PROD_0006,2024,1,3341,479380.18
PROD_0006,2024,2,2863,440767.61
PROD_0006,2024,3,3758,583128.2
PROD_0006,2024,4,3130,520440.17000000004
PROD_0006,2024,5,3251,583645.66
PROD_0006,2024,6,2861,508839.71
PROD_0006,2024,7,2765,357289.44
PROD_0006,2024,8,2637,519213.67
PROD_0006,2024,9,2290,316352.94
PROD_0006,2024,10,2367,390280.93
PROD_0006,2024,11,2339,347266.83
PROD_0006,2024,12,2756,504802.96
PROD_0007,2023,1,3267,531347.09
PROD_0007,2023,2,3066,464977.06
PROD_0007,2023,3,3840,657537.48
PROD_0007,2023,4,3330,481197.34
PROD_0007,2023,5,3573,509004.07
PROD_0007,2023,6,2585,329486.23
PROD_0007,2023,7,2637,378314.98
PROD_0007,2023,8,2176,336393.81
PROD_0007,2023,9,2103,328182.13
PROD_0007,2023,10,2331,408666.4
PROD_0007,2023,11,2047,263626.57
PROD_0007,2023,12,3070,490420.02
PROD_0007,2024,1,2708,470026.31999999995
PROD_0007,2024,2,3098,510382.17000000004
PROD_0007,2024,3,3250,580661.86
PROD_0007,2024,4,3322,537801.41
PROD_0007,2024,5,3570,502577.01
PROD_0007,2024,6,3019,457751.03
PROD_0007,2024,7,2712,507944.28
PROD_0007,2024,8,2211,329779.03
PROD_0007,2024,9,1935,349804.75
PROD_0007,2024,10,2388,390840.4
PROD_0007,2024,11,1892,303299.1
PROD_0007,2024,12,3354,509542.48
PROD_0008,2023,1,2834,336760.31
PROD_0008,2023,2,2936,420970.25
PROD_0008,2023,3,4132,731105.59
PROD_0008,2023,4,2933,488940.95
PROD_0008,2023,5,3345,487560.29
PROD_0008,2023,6,2957,413641.77
PROD_0008,2023,7,2657,478500.37
PROD_0008,2023,8,2229,378298.15
PROD_0008,2023,9,2302,390412.7
PROD_0008,2023,10,2222,328595.73
PROD_0008,2023,11,2518,444793.24
PROD_0008,2023,12,2521,402965.78
PROD_0008,2024,1,3304,540260.98
PROD_0008,2024,2,3253,556156.89
PROD_0008,2024,3,3827,544327.84
PROD_0008,2024,4,3336,562010.11
PROD_0008,2024,5,3326,548361.92
PROD_0008,2024,6,3425,435426.04000000004
PROD_0008,2024,7,3059,501825.54
PROD_0008,2024,8,2311,348174.66
PROD_0008,2024,9,1983,369030.91
PROD_0008,2024,10,1891,320363.18
PROD_0008,2024,11,2363,367450.71
PROD_0008,2024,12,2399,359207.83
PROD_0009,2023,1,2463,450186.59
PROD_0009,2023,2,2679,421744.06
PROD_0009,2023,3,3507,601436.49
PROD_0009,2023,4,3203,645655.78
PROD_0009,2023,5,3573,600479.38
PROD_0009,2023,6,2733,410337.88
PROD_0009,2023,7,2949,443346.60000000003
PROD_0009,2023,8,2302,410545.47
PROD_0009,2023,9,2368,397273.48
PROD_0009,2023,10,2115,390832.84
PROD_0009,2023,11,2580,409374.48
PROD_0009,2023,12,2606,422858.58999999997
PROD_0009,2024,1,3113,539208.39
PROD_0009,2024,2,3424,524466.77
PROD_0009,2024,3,3549,475141.72
PROD_0009,2024,4,3454,501615.32
PROD_0009,2024,5,4090,707986.4
PROD_0009,2024,6,3363,468570.44
PROD_0009,2024,7,2734,386168.77
PROD_0009,2024,8,2672,436629.23
PROD_0009,2024,9,2157,335218.53
PROD_0009,2024,10,2253,388154.94
PROD_0009,2024,11,2410,451791.97
PROD_0009,2024,12,3128,483359.75
PROD_0010,2023,1,3302,390601.08
PROD_0010,2023,2,3502,533869.59
PROD_0010,2023,3,3681,598787.32
PROD_0010,2023,4,2906,420626.77
PROD_0010,2023,5,2876,446336.0
PROD_0010,2023,6,2640,476286.19
PROD_0010,2023,7,2301,405431.33
PROD_0010,2023,8,2248,389548.64
PROD_0010,2023,9,1890,323794.37
PROD_0010,2023,10,2441,423072.52
PROD_0010,2023,11,2224,324896.67
PROD_0010,2023,12,2962,433657.67
PROD_0010,2024,1,3386,425770.61
PROD_0010,2024,2,2910,437199.91000000003
PROD_0010,2024,3,4059,798917.45
PROD_0010,2024,4,2847,453182.1
PROD_0010,2024,5,3369,609128.55
PROD_0010,2024,6,2829,494266.48
PROD_0010,2024,7,3345,518108.81
PROD_0010,2024,8,2215,341541.60000000003
PROD_0010,2024,9,2082,297194.27999999997
PROD_0010,2024,10,2325,409908.88
PROD_0010,2024,11,2438,351990.11
PROD_0010,2024,12,2733,474540.65
PROD_0011,2023,1,3016,471773.15
PROD_0011,2023,2,2924,542614.2
PROD_0011,2023,3,3395,611162.8
PROD_0011,2023,4,3395,629562.59
PROD_0011,2023,5,3185,489115.37
PROD_0011,2023,6,3248,565743.61
PROD_0011,2023,7,2846,492985.36
PROD_0011,2023,8,2628,383715.54
PROD_0011,2023,9,2113,308626.08
PROD_0011,2023,10,2260,448366.44
PROD_0011,2023,11,2042,397695.16000000003
PROD_0011,2023,12,2644,431494.51
PROD_0011,2024,1,3163,511778.22
PROD_0011,2024,2,3610,596838.0599999999
PROD_0011,2024,3,3949,766988.16
PROD_0011,2024,4,3710,600220.22
PROD_0011,2024,5,3353,591776.11
PROD_0011,2024,6,2734,446266.92
PROD_0011,2024,7,3079,463567.95
PROD_0011,2024,8,2488,399569.6
PROD_0011,2024,9,2459,439672.24
PROD_0011,2024,10,2362,361741.57
PROD_0011,2024,11,2265,382402.16000000003
PROD_0011,2024,12,3050,478580.54000000004
PROD_0012,2023,1,3476,518384.81
PROD_0012,2023,2,3163,574438.36
PROD_0012,2023,3,3689,652528.29
PROD_0012,2023,4,3627,594408.29
PROD_0012,2023,5,3757,682811.99
PROD_0012,2023,6,2848,384665.14
PROD_0012,2023,7,2190,314919.62
PROD_0012,2023,8,2179,388421.98
PROD_0012,2023,9,2224,304760.07
PROD_0012,2023,10,1945,353709.86
PROD_0012,2023,11,2439,495673.24
PROD_0012,2023,12,2335,390869.81
PROD_0012,2024,1,3382,524223.96
PROD_0012,2024,2,2794,410920.18
PROD_0012,2024,3,3409,658198.13
PROD_0012,2024,4,3451,535606.39
PROD_0012,2024,5,3176,440324.49
PROD_0012,2024,6,2731,450292.65
PROD_0012,2024,7,2255,429388.69
PROD_0012,2024,8,2300,361562.78
PROD_0012,2024,9,2138,325807.89
PROD_0012,2024,10,2309,386004.4
PROD_0012,2024,11,2450,381054.08999999997
PROD_0012,2024,12,2845,530231.11
PROD_0013,2023,1,3513,599393.08
PROD_0013,2023,2,2583,357024.64
PROD_0013,2023,3,4412,709327.83
PROD_0013,2023,4,3167,487464.57
PROD_0013,2023,5,2876,516254.17
PROD_0013,2023,6,2783,461448.37
PROD_0013,2023,7,2602,436790.43
PROD_0013,2023,8,2161,323916.75
PROD_0013,2023,9,2355,359829.72000000003
PROD_0013,2023,10,2626,422751.83
PROD_0013,2023,11,2470,485556.47000000003
PROD_0013,2023,12,2875,475215.79000000004
PROD_0013,2024,1,3241,513732.08
PROD_0013,2024,2,2873,482704.01
PROD_0013,2024,3,3494,588703.77
PROD_0013,2024,4,2938,544047.0599999999
PROD_0013,2024,5,2980,469733.65
PROD_0013,2024,6,3042,456150.95
PROD_0013,2024,7,2534,411550.47000000003
PROD_0013,2024,8,2421,371246.14
PROD_0013,2024,9,2156,382835.82
PROD_0013,2024,10,2255,358075.69
PROD_0013,2024,11,2338,378692.41
PROD_0013,2024,12,2572,410080.07
PROD_0014,2023,1,2539,494192.36
PROD_0014,2023,2,2730,445382.26
PROD_0014,2023,3,3467,608720.12
PROD_0014,2023,4,3266,476582.98
PROD_0014,2023,5,3166,557541.37
PROD_0014,2023,6,2765,481889.22
PROD_0014,2023,7,3120,482229.99
PROD_0014,2023,8,2202,348154.34
PROD_0014,2023,9,1978,307730.44
PROD_0014,2023,10,1811,244033.22
PROD_0014,2023,11,2143,324854.91
PROD_0014,2023,12,2371,408820.73
PROD_0014,2024,1,3298,653778.4099999999
PROD_0014,2024,2,3771,667086.13
PROD_0014,2024,3,3889,678133.88
PROD_0014,2024,4,3789,630868.14
PROD_0014,2024,5,3500,574066.54
PROD_0014,2024,6,3186,556705.28
PROD_0014,2024,7,2852,511588.77999999997
PROD_0014,2024,8,2548,416465.76999999996
PROD_0014,2024,9,2205,375011.85000000003
PROD_0014,2024,10,2647,377601.06
PROD_0014,2024,11,2277,413610.13
PROD_0014,2024,12,2505,460249.81
PROD_0015,2023,1,2808,481002.99
PROD_0015,2023,2,3050,437984.46
PROD_0015,2023,3,3463,586155.92
PROD_0015,2023,4,3498,594008.54
PROD_0015,2023,5,3223,536348.75
PROD_0015,2023,6,2963,487557.95
PROD_0015,2023,7,2641,456760.21
PROD_0015,2023,8,2420,449441.45
PROD_0015,2023,9,1989,340117.42
PROD_0015,2023,10,1945,361494.01
PROD_0015,2023,11,2035,296579.96
PROD_0015,2023,12,2766,445041.75
PROD_0015,2024,1,3372,541360.9
PROD_0015,2024,2,3449,608005.39
PROD_0015,2024,3,3466,557636.76
PROD_0015,2024,4,3623,579374.51
PROD_0015,2024,5,3318,592485.1799999999
PROD_0015,2024,6,3014,445093.25
PROD_0015,2024,7,2739,468833.56
PROD_0015,2024,8,2809,397688.79
PROD_0015,2024,9,2268,363148.92
PROD_0015,2024,10,2331,285923.83999999997
PROD_0015,2024,11,2329,365662.99
PROD_0015,2024,12,2605,383128.32
PROD_0016,2023,1,2578,436454.33
PROD_0016,2023,2,2958,507094.75
PROD_0016,2023,3,3688,619027.53
PROD_0016,2023,4,3282,487268.5
PROD_0016,2023,5,2781,370076.61
PROD_0016,2023,6,3051,446370.67
PROD_0016,2023,7,2796,433013.17
PROD_0016,2023,8,2594,458554.48
PROD_0016,2023,9,2326,377987.2
PROD_0016,2023,10,2211,321725.95
PROD_0016,2023,11,2388,396800.12
PROD_0016,2023,12,2840,405530.16
PROD_0016,2024,1,3065,479367.76
PROD_0016,2024,2,3507,591866.58
PROD_0016,2024,3,3440,619075.12
PROD_0016,2024,4,3470,546421.63
PROD_0016,2024,5,3777,531984.79
PROD_0016,2024,6,3380,515598.7
PROD_0016,2024,7,2836,413174.32
PROD_0016,2024,8,2377,380910.58
PROD_0016,2024,9,1941,254529.01
PROD_0016,2024,10,2730,413681.24
PROD_0016,2024,11,2707,430003.5
PROD_0016,2024,12,2440,354468.66
PROD_0017,2023,1,3212,492935.06
PROD_0017,2023,2,2771,458908.31
PROD_0017,2023,3,3486,496790.82
PROD_0017,2023,4,4012,697801.6
PROD_0017,2023,5,3608,533789.21
PROD_0017,2023,6,3146,533958.44
PROD_0017,2023,7,2527,424786.0
PROD_0017,2023,8,2279,364369.87
PROD_0017,2023,9,1967,343163.1
PROD_0017,2023,10,2177,380169.82
PROD_0017,2023,11,2381,430850.64
PROD_0017,2023,12,2480,327873.99
PROD_0017,2024,1,3367,612462.9
PROD_0017,2024,2,3294,484343.17
PROD_0017,2024,3,3450,574597.83
PROD_0017,2024,4,3085,461252.0
PROD_0017,2024,5,3135,505709.51
PROD_0017,2024,6,3172,474124.61
PROD_0017,2024,7,2867,443702.20999999996
PROD_0017,2024,8,2277,344058.95
PROD_0017,2024,9,2054,356289.3
PROD_0017,2024,10,2311,420490.58
PROD_0017,2024,11,2293,423892.37
PROD_0017,2024,12,2666,352001.81
PROD_0018,2023,1,2671,435381.79
PROD_0018,2023,2,3112,490426.31
PROD_0018,2023,3,3404,507680.77999999997
PROD_0018,2023,4,3545,627837.14
PROD_0018,2023,5,3361,582885.31
PROD_0018,2023,6,3033,475507.02999999997
PROD_0018,2023,7,2327,314347.5
PROD_0018,2023,8,2183,280924.44
PROD_0018,2023,9,2509,404375.49
PROD_0018,2023,10,2499,407960.99
PROD_0018,2023,11,2317,386522.02
PROD_0018,2023,12,3228,563308.84
PROD_0018,2024,1,3225,567417.02
PROD_0018,2024,2,3103,489836.74
PROD_0018,2024,3,4044,636373.86
PROD_0018,2024,4,4160,814451.86
PROD_0018,2024,5,3557,573644.27
PROD_0018,2024,6,3268,534118.0499999999
PROD_0018,2024,7,2951,460588.89
PROD_0018,2024,8,2336,358831.58
PROD_0018,2024,9,1994,286679.92
PROD_0018,2024,10,2175,387923.24
PROD_0018,2024,11,2195,393064.15
PROD_0018,2024,12,2739,543662.86
PROD_0019,2023,1,2931,448636.78
PROD_0019,2023,2,3753,676487.03
PROD_0019,2023,3,3523,625153.3200000001
PROD_0019,2023,4,3275,577332.33
PROD_0019,2023,5,3339,554435.48
PROD_0019,2023,6,2621,428911.63
PROD_0019,2023,7,2457,391509.88
PROD_0019,2023,8,2083,337684.81
PROD_0019,2023,9,2229,413316.01
PROD_0019,2023,10,2332,403922.74
PROD_0019,2023,11,2679,420083.76
PROD_0019,2023,12,2404,412007.38
PROD_0019,2024,1,3194,549730.11
PROD_0019,2024,2,3771,520937.74
PROD_0019,2024,3,3262,586770.35
PROD_0019,2024,4,3371,478306.07
PROD_0019,2024,5,3878,647192.64
PROD_0019,2024,6,3397,573483.12
PROD_0019,2024,7,2802,443564.46
PROD_0019,2024,8,2670,398378.5
PROD_0019,2024,9,2137,387845.62
PROD_0019,2024,10,2122,323587.18
PROD_0019,2024,11,2311,389148.16
PROD_0019,2024,12,2865,480799.38
PROD_0020,2023,1,3125,472291.87
PROD_0020,2023,2,3423,573467.15
PROD_0020,2023,3,3617,637699.54
PROD_0020,2023,4,3423,602990.29
PROD_0020,2023,5,3412,475632.42
PROD_0020,2023,6,2838,494773.79000000004
PROD_0020,2023,7,2468,358957.86
PROD_0020,2023,8,2446,347056.77
PROD_0020,2023,9,2386,373441.56
PROD_0020,2023,10,1916,324158.45
PROD_0020,2023,11,1914,336960.79
PROD_0020,2023,12,2955,460235.77999999997
PROD_0020,2024,1,2865,412136.88
PROD_0020,2024,2,2984,444714.45999999996
PROD_0020,2024,3,4135,604274.21
PROD_0020,2024,4,3356,603196.3200000001
PROD_0020,2024,5,3335,485748.95999999996
PROD_0020,2024,6,2757,398054.05
PROD_0020,2024,7,3333,537413.92
PROD_0020,2024,8,2171,317401.66
PROD_0020,2024,9,2086,332587.91
PROD_0020,2024,10,2021,275144.33
PROD_0020,2024,11,2558,383593.04
PROD_0020,2024,12,2740,518115.93
PROD_0021,2023,1,3203,526338.79
PROD_0021,2023,2,3319,573647.77
PROD_0021,2023,3,3295,560014.94
PROD_0021,2023,4,3746,457311.65
PROD_0021,2023,5,3311,470844.83
PROD_0021,2023,6,3074,507893.96
PROD_0021,2023,7,2689,385950.77
PROD_0021,2023,8,2675,453554.5
PROD_0021,2023,9,2130,337390.74
PROD_0021,2023,10,2023,287545.27
PROD_0021,2023,11,2358,289882.05
PROD_0021,2023,12,2706,497092.2
PROD_0021,2024,1,2953,418193.63
PROD_0021,2024,2,3177,497418.74
PROD_0021,2024,3,3163,459639.97
PROD_0021,2024,4,3348,578060.35
PROD_0021,2024,5,3614,655421.88
PROD_0021,2024,6,3179,519281.53
PROD_0021,2024,7,2729,499767.44
PROD_0021,2024,8,2574,449639.64
PROD_0021,2024,9,1788,288310.12
PROD_0021,2024,10,2123,361663.75
PROD_0021,2024,11,2494,442241.95
PROD_0021,2024,12,2408,423451.49
PROD_0022,2023,1,3061,480453.55
PROD_0022,2023,2,2770,398729.79
PROD_0022,2023,3,3675,627743.38
PROD_0022,2023,4,3536,570055.27
PROD_0022,2023,5,3483,613460.86
PROD_0022,2023,6,3112,586218.67
PROD_0022,2023,7,2648,433255.1
PROD_0022,2023,8,2633,438465.91000000003
PROD_0022,2023,9,1940,369079.94
PROD_0022,2023,10,2199,378591.74
PROD_0022,2023,11,2492,492233.71
PROD_0022,2023,12,2789,442950.5
PROD_0022,2024,1,2873,386914.64999999997
PROD_0022,2024,2,3188,452608.22
PROD_0022,2024,3,3828,685266.15
PROD_0022,2024,4,2891,489180.62
PROD_0022,2024,5,3723,641559.46
PROD_0022,2024,6,3229,534750.36
PROD_0022,2024,7,2742,412840.38
PROD_0022,2024,8,2147,306169.16
PROD_0022,2024,9,2103,347401.67
PROD_0022,2024,10,2479,361245.94
PROD_0022,2024,11,2303,320246.44
PROD_0022,2024,12,2480,392148.0
PROD_0023,2023,1,3610,539430.67
PROD_0023,2023,2,2968,571995.9
PROD_0023,2023,3,3930,658867.61
PROD_0023,2023,4,3602,655117.43
PROD_0023,2023,5,3683,674631.57
PROD_0023,2023,6,3211,468462.92
PROD_0023,2023,7,2623,425104.77
PROD_0023,2023,8,2360,403415.88
PROD_0023,2023,9,2264,299739.56
PROD_0023,2023,10,2213,313650.63
PROD_0023,2023,11,2299,405394.45999999996
PROD_0023,2023,12,2549,485173.77
PROD_0023,2024,1,3464,551382.75
PROD_0023,2024,2,3175,437090.16000000003
PROD_0023,2024,3,3418,499224.4
PROD_0023,2024,4,3030,422639.92
PROD_0023,2024,5,3176,435906.87
PROD_0023,2024,6,3002,430741.72000000003
PROD_0023,2024,7,3047,499801.42
PROD_0023,2024,8,2359,493007.83
PROD_0023,2024,9,2041,355648.73
PROD_0023,2024,10,2427,319099.62
PROD_0023,2024,11,2264,354527.85000000003
PROD_0023,2024,12,3207,440888.91000000003
PROD_0024,2023,1,2934,486654.95
PROD_0024,2023,2,3155,519064.82
PROD_0024,2023,3,3545,603470.62
PROD_0024,2023,4,3476,514064.85
PROD_0024,2023,5,3555,646514.56
PROD_0024,2023,6,3011,577356.7
PROD_0024,2023,7,2929,506837.68
PROD_0024,2023,8,2436,409903.76
PROD_0024,2023,9,1846,337644.83
PROD_0024,2023,10,2480,355563.58
PROD_0024,2023,11,2115,353668.69
PROD_0024,2023,12,2876,531549.62
PROD_0024,2024,1,3272,539322.56
PROD_0024,2024,2,3335,469182.22000000003
PROD_0024,2024,3,3268,453476.24
PROD_0024,2024,4,3599,511122.31
PROD_0024,2024,5,3294,547981.23
PROD_0024,2024,6,3347,520880.38
PROD_0024,2024,7,3272,481125.9
PROD_0024,2024,8,2045,343692.89
PROD_0024,2024,9,2144,312130.95
PROD_0024,2024,10,2168,377140.49
PROD_0024,2024,11,2136,352629.86
PROD_0024,2024,12,2605,434534.54
PROD_0025,2023,1,2840,401005.83999999997
PROD_0025,2023,2,3311,435597.2
PROD_0025,2023,3,3238,456975.32999999996
PROD_0025,2023,4,3310,547172.04
PROD_0025,2023,5,3445,591815.21
PROD_0025,2023,6,2794,426894.92
PROD_0025,2023,7,2734,527956.25
PROD_0025,2023,8,2506,374325.04
PROD_0025,2023,9,1743,338299.47000000003
PROD_0025,2023,10,2280,417103.2
PROD_0025,2023,11,2367,397622.95
PROD_0025,2023,12,2835,437859.92
PROD_0025,2024,1,2928,490212.83
PROD_0025,2024,2,3259,500478.89
PROD_0025,2024,3,3215,513358.61
PROD_0025,2024,4,3850,691057.56
PROD_0025,2024,5,3144,518687.94
PROD_0025,2024,6,3088,490232.08
PROD_0025,2024,7,2676,453433.41
PROD_0025,2024,8,2629,422685.06
PROD_0025,2024,9,2455,428216.11
PROD_0025,2024,10,2594,346596.29
PROD_0025,2024,11,2335,330370.25
PROD_0025,2024,12,2632,512443.95
PROD_0026,2023,1,2795,421829.85
PROD_0026,2023,2,3369,533714.73
PROD_0026,2023,3,3481,500903.04
PROD_0026,2023,4,3170,467840.77
PROD_0026,2023,5,3256,630561.0700000001
PROD_0026,2023,6,2963,474214.9
PROD_0026,2023,7,2924,432513.6
PROD_0026,2023,8,2708,450360.19
PROD_0026,2023,9,2137,380320.28
PROD_0026,2023,10,2140,407565.42
PROD_0026,2023,11,2406,414604.71
PROD_0026,2023,12,3060,493673.49
PROD_0026,2024,1,2936,461211.58
PROD_0026,2024,2,2708,505887.47000000003
PROD_0026,2024,3,3425,487013.27
PROD_0026,2024,4,3587,639605.76
PROD_0026,2024,5,3983,631635.82
PROD_0026,2024,6,3457,601392.31
PROD_0026,2024,7,3230,553494.01
PROD_0026,2024,8,2321,412692.05
PROD_0026,2024,9,2364,424931.52
PROD_0026,2024,10,2402,430825.95
PROD_0026,2024,11,2339,443752.77999999997
PROD_0026,2024,12,2761,428627.0
PROD_0027,2023,1,3682,639111.15
PROD_0027,2023,2,3386,531171.17
PROD_0027,2023,3,3098,571331.81
PROD_0027,2023,4,3746,580436.37
PROD_0027,2023,5,4234,678324.83
PROD_0027,2023,6,3094,442377.06
PROD_0027,2023,7,2583,459319.35
PROD_0027,2023,8,2288,376746.61
PROD_0027,2023,9,1964,304159.49
PROD_0027,2023,10,2388,381015.14
PROD_0027,2023,11,2258,369985.12
PROD_0027,2023,12,3295,501456.04
PROD_0027,2024,1,2574,484665.66000000003
PROD_0027,2024,2,3036,526507.12
PROD_0027,2024,3,3662,584094.03
PROD_0027,2024,4,3211,541201.37
PROD_0027,2024,5,3116,408152.08
PROD_0027,2024,6,2649,404498.48
PROD_0027,2024,7,2951,481499.21
PROD_0027,2024,8,2373,387592.42
PROD_0027,2024,9,1875,275237.48
PROD_0027,2024,10,2111,327964.87
PROD_0027,2024,11,2541,382328.92
PROD_0027,2024,12,2595,354334.69
PROD_0028,2023,1,3298,429958.77
PROD_0028,2023,2,2991,477139.45
PROD_0028,2023,3,3485,529511.38
PROD_0028,2023,4,3485,544703.7
PROD_0028,2023,5,3013,413597.03
PROD_0028,2023,6,2797,417671.42
PROD_0028,2023,7,2876,451252.47
PROD_0028,2023,8,1972,300738.49
PROD_0028,2023,9,1963,299754.29
PROD_0028,2023,10,2208,382798.39
PROD_0028,2023,11,2227,388451.65
PROD_0028,2023,12,2413,387339.43
PROD_0028,2024,1,3269,567510.8099999999
PROD_0028,2024,2,3244,455876.38
PROD_0028,2024,3,3935,626563.27
PROD_0028,2024,4,3247,518263.37
PROD_0028,2024,5,3694,653714.4199999999
PROD_0028,2024,6,3204,556312.14
PROD_0028,2024,7,2373,365167.54
PROD_0028,2024,8,2216,338111.47000000003
PROD_0028,2024,9,2117,336557.08
PROD_0028,2024,10,2304,333923.27
PROD_0028,2024,11,2160,384365.07
PROD_0028,2024,12,3047,488209.11
PROD_0029,2023,1,3127,516260.49
PROD_0029,2023,2,3372,506779.61
PROD_0029,2023,3,4068,596065.14
PROD_0029,2023,4,3769,689033.68
PROD_0029,2023,5,3380,701254.14
PROD_0029,2023,6,2907,442829.57
PROD_0029,2023,7,2555,451074.06
PROD_0029,2023,8,2246,368813.91
PROD_0029,2023,9,2179,436039.08
PROD_0029,2023,10,2417,419960.28
PROD_0029,2023,11,2534,384306.46
PROD_0029,2023,12,2292,363120.03
PROD_0029,2024,1,3038,572529.73
PROD_0029,2024,2,3209,524777.36
PROD_0029,2024,3,3783,580557.98
PROD_0029,2024,4,3323,553435.23
PROD_0029,2024,5,3650,609183.6799999999
PROD_0029,2024,6,2892,493998.51
PROD_0029,2024,7,2610,464885.62
PROD_0029,2024,8,2407,355629.23
PROD_0029,2024,9,2510,386469.43
PROD_0029,2024,10,2226,328465.11
PROD_0029,2024,11,2149,428680.28
PROD_0029,2024,12,2695,476367.21
PROD_0030,2023,1,2756,436897.87
PROD_0030,2023,2,3688,530296.09
PROD_0030,2023,3,3295,427033.95
PROD_0030,2023,4,3498,626801.49
PROD_0030,2023,5,3280,558771.29
PROD_0030,2023,6,2815,398361.8
PROD_0030,2023,7,2746,427995.75
PROD_0030,2023,8,1786,326193.2
PROD_0030,2023,9,2094,387805.45
PROD_0030,2023,10,2605,453164.83999999997
PROD_0030,2023,11,2146,382440.01
PROD_0030,2023,12,2728,390457.7
PROD_0030,2024,1,2758,435715.88
PROD_0030,2024,2,2952,487817.29
PROD_0030,2024,3,3422,590362.23
PROD_0030,2024,4,3648,600727.79
PROD_0030,2024,5,3295,550337.99
PROD_0030,2024,6,2950,403723.21
PROD_0030,2024,7,2862,448792.05
PROD_0030,2024,8,2397,376221.81
PROD_0030,2024,9,2493,363075.63
PROD_0030,2024,10,2442,389658.56
PROD_0030,2024,11,2197,335761.67
PROD_0030,2024,12,2579,401164.07
PROD_0031,2023,1,3108,610152.54
PROD_0031,2023,2,3132,455853.73
PROD_0031,2023,3,3489,545417.9
PROD_0031,2023,4,3385,545258.4
PROD_0031,2023,5,2903,497460.03
PROD_0031,2023,6,3141,534998.42
PROD_0031,2023,7,2726,447735.25
PROD_0031,2023,8,3016,572554.04
PROD_0031,2023,9,2207,349692.21
PROD_0031,2023,10,2187,305941.05
PROD_0031,2023,11,2499,371248.18
PROD_0031,2023,12,2772,380837.51
PROD_0031,2024,1,3029,479221.24
PROD_0031,2024,2,2978,387843.82
PROD_0031,2024,3,3497,567267.79
PROD_0031,2024,4,3296,631236.73
PROD_0031,2024,5,3326,520917.05
PROD_0031,2024,6,2773,507924.42
PROD_0031,2024,7,2645,494123.92
PROD_0031,2024,8,2451,394728.09
PROD_0031,2024,9,2138,281155.73
PROD_0031,2024,10,2577,375483.64999999997
PROD_0031,2024,11,1959,358854.28
PROD_0031,2024,12,2916,457888.37
PROD_0032,2023,1,3715,535705.24
PROD_0032,2023,2,3461,599220.19
PROD_0032,2023,3,3357,592733.4199999999
PROD_0032,2023,4,3704,626839.43
PROD_0032,2023,5,3109,478545.47
PROD_0032,2023,6,3487,573431.88
PROD_0032,2023,7,3024,440546.97
PROD_0032,2023,8,2511,419228.56
PROD_0032,2023,9,2373,411126.36
PROD_0032,2023,10,2188,375138.07
PROD_0032,2023,11,2410,417339.68
PROD_0032,2023,12,2405,398226.98
PROD_0032,2024,1,3050,538748.28
PROD_0032,2024,2,3324,526340.0599999999
PROD_0032,2024,3,3365,498544.11
PROD_0032,2024,4,4191,716031.28
PROD_0032,2024,5,3684,612968.85
PROD_0032,2024,6,2683,477639.18000000005
PROD_0032,2024,7,2973,570768.12
PROD_0032,2024,8,2515,361333.8
PROD_0032,2024,9,2243,383879.67
PROD_0032,2024,10,2052,368345.42
PROD_0032,2024,11,2306,383814.16
PROD_0032,2024,12,2257,310129.89
PROD_0033,2023,1,3404,519933.88
PROD_0033,2023,2,3133,517628.0
PROD_0033,2023,3,3638,709388.17
PROD_0033,2023,4,3433,507864.73
PROD_0033,2023,5,3084,492741.83999999997
PROD_0033,2023,6,2765,479050.0
PROD_0033,2023,7,2473,441091.49
PROD_0033,2023,8,2501,346136.37
PROD_0033,2023,9,1947,308023.88
PROD_0033,2023,10,2065,378132.51
PROD_0033,2023,11,2494,341412.44
PROD_0033,2023,12,2870,517413.97
PROD_0033,2024,1,3311,560190.57
PROD_0033,2024,2,3055,481413.36
PROD_0033,2024,3,3061,512056.3
PROD_0033,2024,4,3733,639034.05
PROD_0033,2024,5,3808,636218.84
PROD_0033,2024,6,2741,445721.26999999996
PROD_0033,2024,7,2885,477182.65
PROD_0033,2024,8,2480,348620.48
PROD_0033,2024,9,2218,392200.82
PROD_0033,2024,10,1880,309554.51
PROD_0033,2024,11,2622,374410.86
PROD_0033,2024,12,2518,462660.34
PROD_0034,2023,1,3160,466197.07
PROD_0034,2023,2,3576,690170.91
PROD_0034,2023,3,4324,725984.3200000001
PROD_0034,2023,4,3633,583554.29
PROD_0034,2023,5,2885,373483.71
PROD_0034,2023,6,3482,571115.3
PROD_0034,2023,7,2733,354785.11
PROD_0034,2023,8,2197,360421.06
PROD_0034,2023,9,1941,291932.29
PROD_0034,2023,10,2255,386863.26
PROD_0034,2023,11,2131,382918.32
PROD_0034,2023,12,2784,482716.22000000003
PROD_0034,2024,1,3079,398502.22
PROD_0034,2024,2,2960,540165.12
PROD_0034,2024,3,3743,698163.69
PROD_0034,2024,4,3380,596130.27
PROD_0034,2024,5,3633,540453.9
PROD_0034,2024,6,3183,500028.55
PROD_0034,2024,7,3271,480957.16000000003
PROD_0034,2024,8,2588,421998.9
PROD_0034,2024,9,2249,398244.83999999997
PROD_0034,2024,10,1756,274252.16000000003
PROD_0034,2024,11,2418,400551.74
PROD_0034,2024,12,2496,352974.24
PROD_0035,2023,1,2937,419532.0
PROD_0035,2023,2,2862,487949.61
PROD_0035,2023,3,4345,758026.95
PROD_0035,2023,4,3039,490388.42
PROD_0035,2023,5,3119,570292.45
PROD_0035,2023,6,2838,433247.35
PROD_0035,2023,7,2822,451161.08999999997
PROD_0035,2023,8,2352,310209.52999999997
PROD_0035,2023,9,2158,357879.47
PROD_0035,2023,10,2749,496918.43
PROD_0035,2023,11,1761,279585.36
PROD_0035,2023,12,2649,446163.25
PROD_0035,2024,1,3280,467874.05
PROD_0035,2024,2,3163,451534.28
PROD_0035,2024,3,3617,655053.11
PROD_0035,2024,4,3220,514349.56
PROD_0035,2024,5,3228,638876.68
PROD_0035,2024,6,3582,508607.69
PROD_0035,2024,7,2789,443800.3
PROD_0035,2024,8,2727,416687.28
PROD_0035,2024,9,1966,315257.04
PROD_0035,2024,10,2067,434412.8
PROD_0035,2024,11,2303,354035.34
PROD_0035,2024,12,2735,390420.85
PROD_0036,2023,1,2994,576779.05
PROD_0036,2023,2,2781,433394.54
PROD_0036,2023,3,3961,561644.91
PROD_0036,2023,4,3611,608204.6
PROD_0036,2023,5,3189,498397.11
PROD_0036,2023,6,2703,424509.02
PROD_0036,2023,7,3064,515678.17
PROD_0036,2023,8,2496,414202.21
PROD_0036,2023,9,2090,397826.0
PROD_0036,2023,10,2090,303769.75
PROD_0036,2023,11,2436,456268.72
PROD_0036,2023,12,2514,392220.77999999997
PROD_0036,2024,1,3115,586769.8
PROD_0036,2024,2,3303,598879.34
PROD_0036,2024,3,3572,598471.98
PROD_0036,2024,4,4106,724147.6
PROD_0036,2024,5,3488,606685.9400000001
PROD_0036,2024,6,3079,479171.81
PROD_0036,2024,7,2631,510514.77
PROD_0036,2024,8,2756,442664.63
PROD_0036,2024,9,2031,277219.94
PROD_0036,2024,10,1928,267943.98
PROD_0036,2024,11,2207,344515.63
PROD_0036,2024,12,2210,344821.92
PROD_0037,2023,1,2778,369760.38
PROD_0037,2023,2,2879,437356.93
PROD_0037,2023,3,4012,601774.78
PROD_0037,2023,4,3558,568330.94
PROD_0037,2023,5,3348,571103.65
PROD_0037,2023,6,2605,424999.04
PROD_0037,2023,7,2899,497135.62
PROD_0037,2023,8,2617,408475.37
PROD_0037,2023,9,1736,284135.78
PROD_0037,2023,10,2252,347860.14
PROD_0037,2023,11,2565,380394.85
PROD_0037,2023,12,2636,413485.97
PROD_0037,2024,1,2902,474844.91000000003
PROD_0037,2024,2,3211,453439.39
PROD_0037,2024,3,3245,471468.94
PROD_0037,2024,4,3553,575894.47
PROD_0037,2024,5,3099,461828.37
PROD_0037,2024,6,2960,504686.77999999997
PROD_0037,2024,7,3053,485615.42
PROD_0037,2024,8,2906,463769.95999999996
PROD_0037,2024,9,2107,348827.46
PROD_0037,2024,10,2313,344259.3
PROD_0037,2024,11,2171,328564.72
PROD_0037,2024,12,2520,392898.54
PROD_0038,2023,1,3128,419853.75
PROD_0038,2023,2,2884,438897.45999999996
PROD_0038,2023,3,3788,567701.89
PROD_0038,2023,4,2971,499233.04
PROD_0038,2023,5,3150,524362.55
PROD_0038,2023,6,3053,564432.36
PROD_0038,2023,7,2921,452634.18
PROD_0038,2023,8,2377,344996.45
PROD_0038,2023,9,2059,315791.84
PROD_0038,2023,10,1906,304002.17
PROD_0038,2023,11,2224,367138.82
PROD_0038,2023,12,2691,447708.55
PROD_0038,2024,1,3131,555893.69
PROD_0038,2024,2,3396,536700.67
PROD_0038,2024,3,3526,549797.23
PROD_0038,2024,4,2776,401626.57
PROD_0038,2024,5,3325,450954.3
PROD_0038,2024,6,2890,457597.91000000003
PROD_0038,2024,7,2694,408584.98000000004
PROD_0038,2024,8,1806,328891.96
PROD_0038,2024,9,1911,289016.8
PROD_0038,2024,10,2046,346139.84
PROD_0038,2024,11,2477,386332.34
PROD_0038,2024,12,2820,427255.95
PROD_0039,2023,1,2741,483485.45
PROD_0039,2023,2,2877,505213.03
PROD_0039,2023,3,4003,582978.43
PROD_0039,2023,4,3876,574560.43
PROD_0039,2023,5,3169,505123.3
PROD_0039,2023,6,3208,493285.5
PROD_0039,2023,7,2586,435126.39
PROD_0039,2023,8,2208,378968.88
PROD_0039,2023,9,2130,310779.83
PROD_0039,2023,10,2102,346400.72
PROD_0039,2023,11,2633,374454.08
PROD_0039,2023,12,2708,425957.4
PROD_0039,2024,1,2814,359858.4
PROD_0039,2024,2,3276,525597.22
PROD_0039,2024,3,3543,632424.59
PROD_0039,2024,4,3725,573825.04
PROD_0039,2024,5,3550,567263.91
PROD_0039,2024,6,2885,461100.43
PROD_0039,2024,7,2642,413554.88
PROD_0039,2024,8,2111,342974.9
PROD_0039,2024,9,2150,371252.84
PROD_0039,2024,10,1981,325353.0
PROD_0039,2024,11,2541,394710.87
PROD_0039,2024,12,2755,433237.79000000004
PROD_0040,2023,1,2972,583517.67
PROD_0040,2023,2,3116,418884.10000000003
PROD_0040,2023,3,3310,469984.63
PROD_0040,2023,4,3052,482780.34
PROD_0040,2023,5,3889,626477.23
PROD_0040,2023,6,3253,451663.53
PROD_0040,2023,7,2899,476133.74
PROD_0040,2023,8,2591,443756.91000000003
PROD_0040,2023,9,2095,363424.41000000003
PROD_0040,2023,10,2015,335022.32999999996
PROD_0040,2023,11,2471,425930.02999999997
PROD_0040,2023,12,2595,408067.0
PROD_0040,2024,1,3036,405683.31
PROD_0040,2024,2,3938,654321.54
PROD_0040,2024,3,3130,577184.49
PROD_0040,2024,4,3719,518864.56
PROD_0040,2024,5,3392,604695.15
PROD_0040,2024,6,2739,396985.86
PROD_0040,2024,7,2517,381886.98
PROD_0040,2024,8,2651,477057.58
PROD_0040,2024,9,2273,375665.5
PROD_0040,2024,10,2141,380317.38
PROD_0040,2024,11,2579,411466.64
PROD_0040,2024,12,2683,448689.1
PROD_0041,2023,1,3362,529685.59
PROD_0041,2023,2,3363,568848.91
PROD_0041,2023,3,3584,490559.08999999997
PROD_0041,2023,4,3219,506187.19
PROD_0041,2023,5,3585,623267.24
PROD_0041,2023,6,3165,548548.51
PROD_0041,2023,7,2912,347174.5
PROD_0041,2023,8,2098,300168.32
PROD_0041,2023,9,2701,376899.01
PROD_0041,2023,10,2180,289497.32
PROD_0041,2023,11,2166,370116.66
PROD_0041,2023,12,2722,474640.63
PROD_0041,2024,1,3600,608562.68
PROD_0041,2024,2,3339,489005.0
PROD_0041,2024,3,3692,569489.3
PROD_0041,2024,4,3444,550404.39
PROD_0041,2024,5,3588,623633.43
PROD_0041,2024,6,2843,453661.57
PROD_0041,2024,7,2629,403524.62
PROD_0041,2024,8,1998,319555.12
PROD_0041,2024,9,2339,417336.99
PROD_0041,2024,10,2303,292881.83999999997
PROD_0041,2024,11,2434,339863.63
PROD_0041,2024,12,2648,425383.3
PROD_0042,2023,1,2885,477080.41000000003
PROD_0042,2023,2,3109,533994.81
PROD_0042,2023,3,3289,532017.21
PROD_0042,2023,4,3333,548715.02
PROD_0042,2023,5,3318,534059.42
PROD_0042,2023,6,2723,446177.2
PROD_0042,2023,7,2787,479267.64
PROD_0042,2023,8,2369,357716.62
PROD_0042,2023,9,1867,313974.35
PROD_0042,2023,10,2281,382882.0
PROD_0042,2023,11,2352,330478.2
PROD_0042,2023,12,2523,388475.67
PROD_0042,2024,1,2659,385752.86
PROD_0042,2024,2,3188,438318.36
PROD_0042,2024,3,4031,646567.29
PROD_0042,2024,4,3076,558744.22
PROD_0042,2024,5,3688,564211.98
PROD_0042,2024,6,3227,535120.22
PROD_0042,2024,7,2899,438899.41000000003
PROD_0042,2024,8,2461,387096.11
PROD_0042,2024,9,2019,293189.37
PROD_0042,2024,10,2200,376550.33999999997
PROD_0042,2024,11,2639,398136.93
PROD_0042,2024,12,2704,405097.17000000004
PROD_0043,2023,1,2941,418199.6
PROD_0043,2023,2,3040,451785.47
PROD_0043,2023,3,3368,591190.72
PROD_0043,2023,4,3110,477383.44999999995
PROD_0043,2023,5,2897,473520.49
PROD_0043,2023,6,2873,477801.8
PROD_0043,2023,7,2667,436975.31
PROD_0043,2023,8,2544,397604.6
PROD_0043,2023,9,2188,351085.43
PROD_0043,2023,10,1825,340374.7
PROD_0043,2023,11,2352,367027.95
PROD_0043,2023,12,2730,383507.35
PROD_0043,2024,1,3096,448773.82
PROD_0043,2024,2,3352,532533.6
PROD_0043,2024,3,3371,549572.26
PROD_0043,2024,4,4180,690139.76
PROD_0043,2024,5,3204,447218.43
PROD_0043,2024,6,3406,579169.8
PROD_0043,2024,7,2908,400555.31
PROD_0043,2024,8,2635,429485.84
PROD_0043,2024,9,2022,313504.06
PROD_0043,2024,10,2307,343657.83
PROD_0043,2024,11,1815,323420.56
PROD_0043,2024,12,2952,494992.83
PROD_0044,2023,1,3298,488761.54
PROD_0044,2023,2,2892,477836.32
PROD_0044,2023,3,3416,562643.03
PROD_0044,2023,4,3675,540503.82
PROD_0044,2023,5,3641,512763.52
PROD_0044,2023,6,3252,512455.14
PROD_0044,2023,7,2890,540242.64
PROD_0044,2023,8,2084,357254.62
PROD_0044,2023,9,2146,374904.14
PROD_0044,2023,10,2473,473621.81
PROD_0044,2023,11,2919,458309.08999999997
PROD_0044,2023,12,2737,473592.70999999996
PROD_0044,2024,1,2996,444713.24
PROD_0044,2024,2,2844,441611.11
PROD_0044,2024,3,3706,577483.47
PROD_0044,2024,4,3727,618456.65
PROD_0044,2024,5,3975,603899.85
PROD_0044,2024,6,2967,436917.56
PROD_0044,2024,7,2198,313943.42
PROD_0044,2024,8,2456,337581.86
PROD_0044,2024,9,2030,324961.15
PROD_0044,2024,10,2170,404192.91
PROD_0044,2024,11,2482,449315.39
PROD_0044,2024,12,2885,451125.41
PROD_0045,2023,1,2786,444110.7
PROD_0045,2023,2,2567,440874.84
PROD_0045,2023,3,3269,484731.92
PROD_0045,2023,4,2847,420340.76
PROD_0045,2023,5,3239,468936.18
PROD_0045,2023,6,2985,496188.44
PROD_0045,2023,7,2727,464331.48
PROD_0045,2023,8,2653,547185.3099999999
PROD_0045,2023,9,2019,343594.53
PROD_0045,2023,10,2354,380357.48
PROD_0045,2023,11,2245,355005.31
PROD_0045,2023,12,2744,507582.13
PROD_0045,2024,1,3062,543590.38
PROD_0045,2024,2,2808,400587.93
PROD_0045,2024,3,3168,538803.02
PROD_0045,2024,4,3788,620468.97
PROD_0045,2024,5,3098,473273.78
PROD_0045,2024,6,3272,509137.42
PROD_0045,2024,7,2835,516599.04
PROD_0045,2024,8,2343,321856.16
PROD_0045,2024,9,1853,329217.95
PROD_0045,2024,10,2258,413896.36
PROD_0045,2024,11,2129,347109.18
PROD_0045,2024,12,2345,370107.76
PROD_0046,2023,1,3122,459311.16
PROD_0046,2023,2,2982,458861.14
PROD_0046,2023,3,4168,758469.97
PROD_0046,2023,4,3461,589851.98
PROD_0046,2023,5,3550,498269.24
PROD_0046,2023,6,2892,545348.0700000001
PROD_0046,2023,7,2612,447206.38
PROD_0046,2023,8,2765,327803.4
PROD_0046,2023,9,2280,376464.75
PROD_0046,2023,10,2409,391970.83
PROD_0046,2023,11,2291,348483.27
PROD_0046,2023,12,3100,584109.1
PROD_0046,2024,1,2800,433242.08
PROD_0046,2024,2,3366,489475.52999999997
PROD_0046,2024,3,3369,665619.74
PROD_0046,2024,4,4014,647762.97
PROD_0046,2024,5,3056,447255.75
PROD_0046,2024,6,3273,506075.79
PROD_0046,2024,7,3170,445697.95999999996
PROD_0046,2024,8,2417,415567.26
PROD_0046,2024,9,2086,326987.39
PROD_0046,2024,10,2271,362778.45
PROD_0046,2024,11,2484,365331.85
PROD_0046,2024,12,2846,534535.36
PROD_0047,2023,1,3231,580495.18
PROD_0047,2023,2,2848,409314.7
PROD_0047,2023,3,3614,535880.28
PROD_0047,2023,4,3302,546079.12
PROD_0047,2023,5,3608,533929.65
PROD_0047,2023,6,2875,450296.23
PROD_0047,2023,7,2216,368793.33
PROD_0047,2023,8,3031,449570.72000000003
PROD_0047,2023,9,2004,326502.09
PROD_0047,2023,10,2005,282698.56
PROD_0047,2023,11,2415,366064.38
PROD_0047,2023,12,2851,428953.32
PROD_0047,2024,1,3127,479149.25
PROD_0047,2024,2,3158,520819.09
PROD_0047,2024,3,2984,514620.34
PROD_0047,2024,4,4469,731490.99
PROD_0047,2024,5,3039,546238.66
PROD_0047,2024,6,2745,495049.04
PROD_0047,2024,7,2452,404350.46
PROD_0047,2024,8,2201,433846.56
PROD_0047,2024,9,2286,410503.79
PROD_0047,2024,10,2439,419124.8
PROD_0047,2024,11,2376,397415.65
PROD_0047,2024,12,2867,469744.61
PROD_0048,2023,1,3286,599305.34
PROD_0048,2023,2,2996,419025.43
PROD_0048,2023,3,3919,724528.92
PROD_0048,2023,4,3277,530059.1900000001
PROD_0048,2023,5,3658,665950.99
PROD_0048,2023,6,3449,544114.97
PROD_0048,2023,7,2846,482159.23
PROD_0048,2023,8,1875,320650.38
PROD_0048,2023,9,2410,360532.86
PROD_0048,2023,10,2123,405367.42
PROD_0048,2023,11,2591,458071.23
PROD_0048,2023,12,2920,518417.55
PROD_0048,2024,1,3270,533460.33
PROD_0048,2024,2,2942,402911.8
PROD_0048,2024,3,3465,615822.3
PROD_0048,2024,4,3985,536336.01
PROD_0048,2024,5,3906,680170.74
PROD_0048,2024,6,3063,398136.64
PROD_0048,2024,7,2629,487919.65
PROD_0048,2024,8,2530,404253.25
PROD_0048,2024,9,2308,320543.94
PROD_0048,2024,10,2252,325203.59
PROD_0048,2024,11,2111,373630.62
PROD_0048,2024,12,2764,568324.59
PROD_0049,2023,1,2719,397011.25
PROD_0049,2023,2,2926,561534.94
PROD_0049,2023,3,3891,633480.41
PROD_0049,2023,4,3578,501399.65
PROD_0049,2023,5,3413,535724.9400000001
PROD_0049,2023,6,3014,494009.05
PROD_0049,2023,7,2467,406291.83999999997
PROD_0049,2023,8,2185,361073.81
PROD_0049,2023,9,2299,332529.26
PROD_0049,2023,10,2422,431858.64
PROD_0049,2023,11,2611,402440.09
PROD_0049,2023,12,2715,465788.77
PROD_0049,2024,1,3030,446302.7
PROD_0049,2024,2,2852,472324.99
PROD_0049,2024,3,3342,565157.79
PROD_0049,2024,4,3628,516666.42
PROD_0049,2024,5,3519,497730.58
PROD_0049,2024,6,2850,456606.0
PROD_0049,2024,7,2916,474537.49
PROD_0049,2024,8,2496,476262.62
PROD_0049,2024,9,1980,345820.69
PROD_0049,2024,10,2095,341574.27
PROD_0049,2024,11,2666,449608.88
PROD_0049,2024,12,2730,491965.42
PROD_0050,2023,1,2492,346081.01
PROD_0050,2023,2,3095,441458.58999999997
PROD_0050,2023,3,4117,616857.11
PROD_0050,2023,4,3639,426082.14
PROD_0050,2023,5,3510,619125.13
PROD_0050,2023,6,2592,462019.32999999996
PROD_0050,2023,7,2554,398150.04
PROD_0050,2023,8,2795,499200.86000000004
PROD_0050,2023,9,2125,370329.24
PROD_0050,2023,10,2150,354555.61
PROD_0050,2023,11,2559,394346.86
PROD_0050,2023,12,2612,416178.69
PROD_0050,2024,1,3047,501982.01
PROD_0050,2024,2,2974,570398.63
PROD_0050,2024,3,3288,625055.83
PROD_0050,2024,4,3997,776291.56
PROD_0050,2024,5,4066,661754.5499999999
PROD_0050,2024,6,2590,383526.32
PROD_0050,2024,7,2532,451350.68
PROD_0050,2024,8,2309,411944.6
PROD_0050,2024,9,2014,417420.14
PROD_0050,2024,10,2304,361703.31
PROD_0050,2024,11,2026,297180.25
PROD_0050,2024,12,2734,435349.15
PROD_0051,2023,1,2923,465175.12
PROD_0051,2023,2,2988,386491.51
PROD_0051,2023,3,3431,633121.0
PROD_0051,2023,4,3467,496237.14
PROD_0051,2023,5,3100,453278.28
PROD_0051,2023,6,2631,362985.23
PROD_0051,2023,7,2400,401559.24
PROD_0051,2023,8,2579,375282.48
PROD_0051,2023,9,2217,409896.27999999997
PROD_0051,2023,10,2166,288007.2
PROD_0051,2023,11,2351,438648.72000000003
PROD_0051,2023,12,2553,435188.95
PROD_0051,2024,1,2673,429588.09
PROD_0051,2024,2,3260,581669.57
PROD_0051,2024,3,3339,413059.3
PROD_0051,2024,4,3136,510344.67
PROD_0051,2024,5,3549,591864.2
PROD_0051,2024,6,3054,512549.19
PROD_0051,2024,7,2350,358445.36
PROD_0051,2024,8,1954,324826.25
PROD_0051,2024,9,2416,472597.02
PROD_0051,2024,10,2191,320601.98
PROD_0051,2024,11,2561,411798.77999999997
PROD_0051,2024,12,2873,457302.61
PROD_0052,2023,1,3656,498439.37
PROD_0052,2023,2,3098,451738.38
PROD_0052,2023,3,3521,571168.76
PROD_0052,2023,4,3551,531292.02
PROD_0052,2023,5,3419,585135.52
PROD_0052,2023,6,2883,423517.66000000003
PROD_0052,2023,7,2871,479185.32
PROD_0052,2023,8,2552,363205.62
PROD_0052,2023,9,1876,332651.64
PROD_0052,2023,10,2502,385855.71
PROD_0052,2023,11,2427,380234.41
PROD_0052,2023,12,2885,540040.39
PROD_0052,2024,1,3214,580686.7
PROD_0052,2024,2,4152,600121.4
PROD_0052,2024,3,3669,530188.77
PROD_0052,2024,4,3786,638219.16
PROD_0052,2024,5,3077,483762.22000000003
PROD_0052,2024,6,3221,619377.8
PROD_0052,2024,7,2567,421186.33
PROD_0052,2024,8,2169,370166.24
PROD_0052,2024,9,2226,393774.08999999997
PROD_0052,2024,10,2189,369536.89
PROD_0052,2024,11,2087,375983.33
PROD_0052,2024,12,3111,482627.19
PROD_0053,2023,1,2955,461453.78
PROD_0053,2023,2,2956,442986.63
PROD_0053,2023,3,3491,576001.85
PROD_0053,2023,4,3464,520566.07
PROD_0053,2023,5,3708,625230.38
PROD_0053,2023,6,3175,500741.8
PROD_0053,2023,7,2261,364915.34
PROD_0053,2023,8,2635,487854.72
PROD_0053,2023,9,2249,384620.79
PROD_0053,2023,10,2492,362795.06
PROD_0053,2023,11,2253,342702.98
PROD_0053,2023,12,2924,467797.9
PROD_0053,2024,1,2857,443721.94
PROD_0053,2024,2,2910,476470.18
PROD_0053,2024,3,3959,550295.97
PROD_0053,2024,4,3707,627254.85
PROD_0053,2024,5,3626,584088.45
PROD_0053,2024,6,2939,425596.28
PROD_0053,2024,7,3229,574840.63
PROD_0053,2024,8,2417,414715.1
PROD_0053,2024,9,2067,285059.18
PROD_0053,2024,10,2289,417693.9
PROD_0053,2024,11,2393,426356.66
PROD_0053,2024,12,2895,403714.24
PROD_0054,2023,1,2739,445315.44
PROD_0054,2023,2,3318,475299.55
PROD_0054,2023,3,3737,587380.33
PROD_0054,2023,4,3523,630000.29
PROD_0054,2023,5,3675,642474.2
PROD_0054,2023,6,3243,556999.58
PROD_0054,2023,7,2868,415926.71
PROD_0054,2023,8,2399,347444.08
PROD_0054,2023,9,2057,375487.89
PROD_0054,2023,10,2468,396575.83
PROD_0054,2023,11,2816,451726.52
PROD_0054,2023,12,2707,474141.83
PROD_0054,2024,1,3363,462661.07
PROD_0054,2024,2,3433,530517.5599999999
PROD_0054,2024,3,4080,670875.37
PROD_0054,2024,4,4187,700765.57
PROD_0054,2024,5,3733,577593.83
PROD_0054,2024,6,2767,412182.26
PROD_0054,2024,7,2402,468604.38
PROD_0054,2024,8,2414,418401.17
PROD_0054,2024,9,2106,392345.93
PROD_0054,2024,10,2498,388063.0
PROD_0054,2024,11,2486,430195.07
PROD_0054,2024,12,2677,493184.41000000003
PROD_0055,2023,1,3105,535443.4299999999
PROD_0055,2023,2,3104,442469.49
PROD_0055,2023,3,3462,620099.54
PROD_0055,2023,4,3565,504532.08
PROD_0055,2023,5,3393,489267.32
PROD_0055,2023,6,3395,539354.95
PROD_0055,2023,7,2637,401315.29
PROD_0055,2023,8,2590,408267.12
PROD_0055,2023,9,2212,356817.18
PROD_0055,2023,10,2222,406362.69
PROD_0055,2023,11,2361,376038.69
PROD_0055,2023,12,2753,459268.72
PROD_0055,2024,1,3417,522095.65
PROD_0055,2024,2,3085,468596.02999999997
PROD_0055,2024,3,3065,507647.11000000004
PROD_0055,2024,4,3600,602440.52
PROD_0055,2024,5,2727,415271.08999999997
PROD_0055,2024,6,2817,458480.02
PROD_0055,2024,7,2390,402970.36
PROD_0055,2024,8,2340,408505.88
PROD_0055,2024,9,2220,399669.13
PROD_0055,2024,10,1938,322980.61
PROD_0055,2024,11,2322,450549.74
PROD_0055,2024,12,2707,378201.86
PROD_0056,2023,1,3630,627159.0800000001
PROD_0056,2023,2,2848,496584.48
PROD_0056,2023,3,4099,597426.87
PROD_0056,2023,4,2731,507601.16000000003
PROD_0056,2023,5,3583,558888.77
PROD_0056,2023,6,3340,519893.77
PROD_0056,2023,7,3391,452518.85
PROD_0056,2023,8,2221,368840.75
PROD_0056,2023,9,2170,343006.18
PROD_0056,2023,10,2380,395953.36
PROD_0056,2023,11,2087,343601.78
PROD_0056,2023,12,2134,335295.79
PROD_0056,2024,1,3446,470864.13
PROD_0056,2024,2,2772,411751.81
PROD_0056,2024,3,3759,704244.72
PROD_0056,2024,4,3258,503020.55
PROD_0056,2024,5,3371,483907.11
PROD_0056,2024,6,3320,569608.45
PROD_0056,2024,7,3300,540749.08
PROD_0056,2024,8,2454,361846.29000000004
PROD_0056,2024,9,1996,338799.24
PROD_0056,2024,10,2017,338848.4
PROD_0056,2024,11,2324,364422.74
PROD_0056,2024,12,2625,497917.88
PROD_0057,2023,1,2869,394870.17
PROD_0057,2023,2,3118,409417.23
PROD_0057,2023,3,3537,608635.74
PROD_0057,2023,4,3297,601425.83
PROD_0057,2023,5,3588,602683.66
PROD_0057,2023,6,2750,435519.31
PROD_0057,2023,7,2544,345421.33
PROD_0057,2023,8,2330,426962.95
PROD_0057,2023,9,1997,328655.41000000003
PROD_0057,2023,10,2214,386036.06
PROD_0057,2023,11,2888,448435.1
PROD_0057,2023,12,2746,474217.99
PROD_0057,2024,1,3491,524017.26
PROD_0057,2024,2,2871,471658.14
PROD_0057,2024,3,3826,561880.34
PROD_0057,2024,4,3448,534457.3099999999
PROD_0057,2024,5,3973,743535.31
PROD_0057,2024,6,2989,453337.82
PROD_0057,2024,7,2784,426252.26
PROD_0057,2024,8,2468,420916.34
PROD_0057,2024,9,2085,358337.21
PROD_0057,2024,10,2085,388059.77999999997
PROD_0057,2024,11,2725,372708.85
PROD_0057,2024,12,2308,349270.08
PROD_0058,2023,1,2840,401797.93
PROD_0058,2023,2,2810,333848.25
PROD_0058,2023,3,3604,592517.9099999999
PROD_0058,2023,4,2985,499805.69
PROD_0058,2023,5,3819,601014.83
PROD_0058,2023,6,2843,529071.46
PROD_0058,2023,7,3276,570763.84
PROD_0058,2023,8,2489,395205.7
PROD_0058,2023,9,2183,420153.26
PROD_0058,2023,10,2506,427323.71
PROD_0058,2023,11,1980,294781.68
PROD_0058,2023,12,2992,432127.28
PROD_0058,2024,1,3334,607778.28
PROD_0058,2024,2,3141,545378.91
PROD_0058,2024,3,3436,533132.29
PROD_0058,2024,4,3054,524475.1900000001
PROD_0058,2024,5,3315,570380.39
PROD_0058,2024,6,2942,359049.41
PROD_0058,2024,7,2615,395535.28
PROD_0058,2024,8,1930,309938.86
PROD_0058,2024,9,1744,285997.68
PROD_0058,2024,10,2530,445785.63
PROD_0058,2024,11,2101,381325.92
PROD_0058,2024,12,2909,453468.21
PROD_0059,2023,1,3161,498619.6
PROD_0059,2023,2,2594,394311.96
PROD_0059,2023,3,3425,485457.92
PROD_0059,2023,4,3686,683606.5700000001
PROD_0059,2023,5,3896,606701.0499999999
PROD_0059,2023,6,2867,512385.97
PROD_0059,2023,7,2924,510248.89
PROD_0059,2023,8,2306,387321.69
PROD_0059,2023,9,2315,377734.56
PROD_0059,2023,10,1898,318035.44
PROD_0059,2023,11,2354,436327.99
PROD_0059,2023,12,2858,422572.35
PROD_0059,2024,1,3445,583878.49
PROD_0059,2024,2,2885,484699.74
PROD_0059,2024,3,3379,510042.45
PROD_0059,2024,4,3555,568919.13
PROD_0059,2024,5,3383,639468.47
PROD_0059,2024,6,3023,463586.68
PROD_0059,2024,7,2991,507633.47000000003
PROD_0059,2024,8,2370,394351.6
PROD_0059,2024,9,1883,297728.3
PROD_0059,2024,10,2273,355392.57
PROD_0059,2024,11,2123,339653.24
PROD_0059,2024,12,2804,520513.95
PROD_0060,2023,1,3023,468400.14
PROD_0060,2023,2,3640,555968.97
PROD_0060,2023,3,3599,525771.91
PROD_0060,2023,4,3099,461855.65
PROD_0060,2023,5,3867,668897.77
PROD_0060,2023,6,3001,546024.92
PROD_0060,2023,7,2947,417663.66
PROD_0060,2023,8,2825,460921.27
PROD_0060,2023,9,2098,368820.17
PROD_0060,2023,10,2142,325963.74
PROD_0060,2023,11,2551,364696.91000000003
PROD_0060,2023,12,2708,426477.0
PROD_0060,2024,1,3129,608917.59
PROD_0060,2024,2,3348,462123.99
PROD_0060,2024,3,3775,744276.16
PROD_0060,2024,4,4841,712131.92
PROD_0060,2024,5,3462,594251.52
PROD_0060,2024,6,3242,563351.01
PROD_0060,2024,7,2572,417871.18
PROD_0060,2024,8,2813,460661.85
PROD_0060,2024,9,2146,402495.16
PROD_0060,2024,10,2484,399511.05
PROD_0060,2024,11,2452,420205.96
PROD_0060,2024,12,2693,396640.9
PROD_0061,2023,1,3423,512242.17
PROD_0061,2023,2,2950,470565.75999999995
PROD_0061,2023,3,3281,519983.77
PROD_0061,2023,4,3281,579994.5
PROD_0061,2023,5,3247,591004.15
PROD_0061,2023,6,2896,403334.42
PROD_0061,2023,7,3135,476761.3
PROD_0061,2023,8,2263,412166.68
PROD_0061,2023,9,2475,384913.68
PROD_0061,2023,10,2032,348964.34
PROD_0061,2023,11,2450,371655.99
PROD_0061,2023,12,3100,446714.69
PROD_0061,2024,1,3281,522277.54
PROD_0061,2024,2,3343,460338.68
PROD_0061,2024,3,3250,588229.88
PROD_0061,2024,4,3313,598534.64
PROD_0061,2024,5,3719,604821.8
PROD_0061,2024,6,2913,423787.91000000003
PROD_0061,2024,7,2676,462575.44
PROD_0061,2024,8,2548,416897.07
PROD_0061,2024,9,2247,389674.82
PROD_0061,2024,10,2217,375608.25
PROD_0061,2024,11,2418,389419.4
PROD_0061,2024,12,2667,422824.69
PROD_0062,2023,1,2520,397542.51999999996
PROD_0062,2023,2,2557,432455.88
PROD_0062,2023,3,3509,575843.97
PROD_0062,2023,4,3537,593963.67
PROD_0062,2023,5,3509,622524.93
PROD_0062,2023,6,2646,335108.46
PROD_0062,2023,7,2891,476130.59
PROD_0062,2023,8,2062,342199.38
PROD_0062,2023,9,2295,324451.83
PROD_0062,2023,10,2284,371022.11
PROD_0062,2023,11,2301,415701.68
PROD_0062,2023,12,2867,522568.86
PROD_0062,2024,1,3228,461807.29000000004
PROD_0062,2024,2,3403,474949.1
PROD_0062,2024,3,3425,537264.12
PROD_0062,2024,4,2917,407348.05
PROD_0062,2024,5,3361,587946.54
PROD_0062,2024,6,3300,479810.83
PROD_0062,2024,7,2486,365198.89
PROD_0062,2024,8,2347,419910.96
PROD_0062,2024,9,2065,341912.24
PROD_0062,2024,10,2332,427343.93
PROD_0062,2024,11,1962,269752.79
PROD_0062,2024,12,2623,461739.1
PROD_0063,2023,1,3383,572370.01
PROD_0063,2023,2,2991,518616.23
PROD_0063,2023,3,3406,557890.29
PROD_0063,2023,4,3687,569259.65
PROD_0063,2023,5,2978,474639.38
PROD_0063,2023,6,2750,407346.07
PROD_0063,2023,7,2969,454518.5
PROD_0063,2023,8,2356,382702.38
PROD_0063,2023,9,2109,274329.27
PROD_0063,2023,10,2176,389525.96
PROD_0063,2023,11,2019,319783.61
PROD_0063,2023,12,2679,346430.8
PROD_0063,2024,1,3620,635897.09
PROD_0063,2024,2,3173,480794.20999999996
PROD_0063,2024,3,3570,642960.62
PROD_0063,2024,4,2710,449583.21
PROD_0063,2024,5,3237,395943.66000000003
PROD_0063,2024,6,2805,442530.84
PROD_0063,2024,7,3068,568038.91
PROD_0063,2024,8,2145,352840.53
PROD_0063,2024,9,2061,356772.84
PROD_0063,2024,10,1915,309750.31
PROD_0063,2024,11,2626,365483.64
PROD_0063,2024,12,2475,345803.52999999997
PROD_0064,2023,1,3182,425777.16000000003
PROD_0064,2023,2,3669,502875.98
PROD_0064,2023,3,3560,562399.74
PROD_0064,2023,4,3800,630457.05
PROD_0064,2023,5,3470,558876.78
PROD_0064,2023,6,3004,459755.16000000003
PROD_0064,2023,7,2715,412652.18
PROD_0064,2023,8,2703,455705.02
PROD_0064,2023,9,1865,258434.66999999998
PROD_0064,2023,10,2175,381422.77
PROD_0064,2023,11,2543,449526.7
PROD_0064,2023,12,2653,474074.43
PROD_0064,2024,1,3032,463009.43
PROD_0064,2024,2,3334,388482.41
PROD_0064,2024,3,3196,527977.0
PROD_0064,2024,4,3568,479358.14
PROD_0064,2024,5,2809,441502.51
PROD_0064,2024,6,2966,492381.44
PROD_0064,2024,7,2514,391452.29
PROD_0064,2024,8,2285,380188.25
PROD_0064,2024,9,2415,363890.32
PROD_0064,2024,10,1866,267629.67
PROD_0064,2024,11,2294,387875.88
PROD_0064,2024,12,2763,437016.55
PROD_0065,2023,1,3637,493693.28
PROD_0065,2023,2,2831,400305.42000000004
PROD_0065,2023,3,3286,594224.91
PROD_0065,2023,4,3141,584789.8200000001
PROD_0065,2023,5,3069,528879.74
PROD_0065,2023,6,2996,466892.61
PROD_0065,2023,7,2454,393812.07
PROD_0065,2023,8,2444,440812.21
PROD_0065,2023,9,1923,323396.51
PROD_0065,2023,10,2291,364373.89
PROD_0065,2023,11,2144,284312.7
PROD_0065,2023,12,2266,319156.59
PROD_0065,2024,1,3088,416084.16
PROD_0065,2024,2,3353,625603.36
PROD_0065,2024,3,3458,643771.51
PROD_0065,2024,4,3000,475052.91000000003
PROD_0065,2024,5,3764,491848.06
PROD_0065,2024,6,2724,542311.25
PROD_0065,2024,7,2866,537690.2
PROD_0065,2024,8,2619,419589.71
PROD_0065,2024,9,2232,310149.92
PROD_0065,2024,10,2435,359682.68
PROD_0065,2024,11,2548,332514.67
PROD_0065,2024,12,2740,416611.08
PROD_0066,2023,1,2943,532101.21
PROD_0066,2023,2,2802,460583.58999999997
PROD_0066,2023,3,3412,580786.25
PROD_0066,2023,4,3330,436176.62
PROD_0066,2023,5,3292,535752.35
PROD_0066,2023,6,2723,473908.32
PROD_0066,2023,7,2802,492646.98
PROD_0066,2023,8,2743,492026.33
PROD_0066,2023,9,1982,393654.04000000004
PROD_0066,2023,10,2118,326131.72
PROD_0066,2023,11,2533,410968.64
PROD_0066,2023,12,2548,446986.12
PROD_0066,2024,1,2600,395008.9
PROD_0066,2024,2,3392,563836.09
PROD_0066,2024,3,3218,498976.14
PROD_0066,2024,4,3435,570839.46
PROD_0066,2024,5,3298,586083.1799999999
PROD_0066,2024,6,3164,525794.63
PROD_0066,2024,7,2921,493977.0
PROD_0066,2024,8,2546,503874.10000000003
PROD_0066,2024,9,2368,380529.24
PROD_0066,2024,10,2311,398758.33999999997
PROD_0066,2024,11,2357,385055.33
PROD_0066,2024,12,2815,482010.0
PROD_0067,2023,1,2835,413875.47
PROD_0067,2023,2,3127,542102.51
PROD_0067,2023,3,3215,594738.86
PROD_0067,2023,4,3170,583727.97
PROD_0067,2023,5,3108,499498.44
PROD_0067,2023,6,3225,574822.81
PROD_0067,2023,7,2474,457288.76999999996
PROD_0067,2023,8,2427,373099.1
PROD_0067,2023,9,1881,261622.46
PROD_0067,2023,10,2115,363791.88
PROD_0067,2023,11,2140,292783.97
PROD_0067,2023,12,2435,438743.36
PROD_0067,2024,1,2992,437406.27999999997
PROD_0067,2024,2,3495,597861.58
PROD_0067,2024,3,3727,688032.23
PROD_0067,2024,4,3241,510748.38
PROD_0067,2024,5,3668,552649.66
PROD_0067,2024,6,2519,482961.29
PROD_0067,2024,7,2962,519943.57
PROD_0067,2024,8,2375,420743.44
PROD_0067,2024,9,2299,340098.89
PROD_0067,2024,10,1913,340766.87
PROD_0067,2024,11,2145,316238.29
PROD_0067,2024,12,2606,403002.82
PROD_0068,2023,1,2809,496626.63
PROD_0068,2023,2,2726,432422.11
PROD_0068,2023,3,3688,569652.03
PROD_0068,2023,4,3083,520697.62
PROD_0068,2023,5,3381,457791.01
PROD_0068,2023,6,2743,460563.14
PROD_0068,2023,7,2837,467297.64
PROD_0068,2023,8,2247,403038.94
PROD_0068,2023,9,2237,363262.25
PROD_0068,2023,10,2267,327177.60000000003
PROD_0068,2023,11,2357,363027.92
PROD_0068,2023,12,2749,453545.45
PROD_0068,2024,1,3157,512365.56
PROD_0068,2024,2,2919,462857.57
PROD_0068,2024,3,3609,602594.47
PROD_0068,2024,4,2993,523681.88
PROD_0068,2024,5,2905,502861.18
PROD_0068,2024,6,2991,577187.22
PROD_0068,2024,7,2720,400422.99
PROD_0068,2024,8,2376,314317.05
PROD_0068,2024,9,2188,435586.99
PROD_0068,2024,10,2375,433895.73
PROD_0068,2024,11,2149,393348.67
PROD_0068,2024,12,2836,510019.63
PROD_0069,2023,1,3535,543981.82
PROD_0069,2023,2,3096,531308.96
PROD_0069,2023,3,3307,525251.29
PROD_0069,2023,4,3631,691372.13
PROD_0069,2023,5,3161,513142.57
PROD_0069,2023,6,3438,499188.92
PROD_0069,2023,7,2858,509778.7
PROD_0069,2023,8,2390,481959.72
PROD_0069,2023,9,1978,356024.71
PROD_0069,2023,10,1972,359353.36
PROD_0069,2023,11,2280,384525.71
PROD_0069,2023,12,3048,458525.36
PROD_0069,2024,1,2831,511245.6
PROD_0069,2024,2,3420,391198.11
PROD_0069,2024,3,3586,656077.41
PROD_0069,2024,4,3009,546182.29
PROD_0069,2024,5,3496,609373.28
PROD_0069,2024,6,2696,380622.31
PROD_0069,2024,7,2744,494887.09
PROD_0069,2024,8,2194,357443.39
PROD_0069,2024,9,2254,324978.59
PROD_0069,2024,10,1981,287868.01
PROD_0069,2024,11,2236,399066.24
PROD_0069,2024,12,2443,404993.94
PROD_0070,2023,1,3236,576569.5
PROD_0070,2023,2,3277,441435.47
PROD_0070,2023,3,3758,529958.42
PROD_0070,2023,4,2937,512235.25
PROD_0070,2023,5,3911,613430.2
PROD_0070,2023,6,3665,580081.07
PROD_0070,2023,7,2615,411214.54
PROD_0070,2023,8,2368,440584.33
PROD_0070,2023,9,1872,315445.9
PROD_0070,2023,10,2146,313422.66000000003
PROD_0070,2023,11,2378,457824.93
PROD_0070,2023,12,2275,348433.2
PROD_0070,2024,1,3000,492437.6
PROD_0070,2024,2,3491,605716.63
PROD_0070,2024,3,3857,622178.45
PROD_0070,2024,4,3595,554872.88
PROD_0070,2024,5,3430,636185.56
PROD_0070,2024,6,2823,494499.92
PROD_0070,2024,7,2736,428307.35
PROD_0070,2024,8,2782,430523.06
PROD_0070,2024,9,2078,384526.25
PROD_0070,2024,10,2099,303171.91000000003
PROD_0070,2024,11,2220,329812.92
PROD_0070,2024,12,2630,453124.72
PROD_0071,2023,1,2719,358780.36
PROD_0071,2023,2,2854,432020.31
PROD_0071,2023,3,3344,511070.26
PROD_0071,2023,4,3664,521758.33999999997
PROD_0071,2023,5,3029,479440.57
PROD_0071,2023,6,2981,436197.85
PROD_0071,2023,7,2845,508562.11
PROD_0071,2023,8,2457,374177.12
PROD_0071,2023,9,1874,286926.14
PROD_0071,2023,10,2455,417119.06
PROD_0071,2023,11,2450,427868.96
PROD_0071,2023,12,2958,448440.08999999997
PROD_0071,2024,1,3170,519484.38
PROD_0071,2024,2,2650,477241.66000000003
PROD_0071,2024,3,3019,461299.56
PROD_0071,2024,4,3413,631388.5599999999
PROD_0071,2024,5,3209,571202.56
PROD_0071,2024,6,2835,474656.76
PROD_0071,2024,7,2954,472427.79
PROD_0071,2024,8,2571,385066.37
PROD_0071,2024,9,2182,368877.44
PROD_0071,2024,10,2501,425121.21
PROD_0071,2024,11,2246,366889.94
PROD_0071,2024,12,2649,404964.42
PROD_0072,2023,1,3183,486101.96
PROD_0072,2023,2,3144,556898.85
PROD_0072,2023,3,2930,461756.58999999997
PROD_0072,2023,4,3432,534189.97
PROD_0072,2023,5,3087,527329.94
PROD_0072,2023,6,2824,481561.93
PROD_0072,2023,7,2676,400650.11
PROD_0072,2023,8,2404,420470.29
PROD_0072,2023,9,2352,360748.42
PROD_0072,2023,10,2694,422563.66000000003
PROD_0072,2023,11,2419,424965.6
PROD_0072,2023,12,2596,365389.53
PROD_0072,2024,1,2962,498703.27
PROD_0072,2024,2,3206,566347.4
PROD_0072,2024,3,3303,487994.77
PROD_0072,2024,4,3008,408427.6
PROD_0072,2024,5,3566,571350.67
PROD_0072,2024,6,2797,425651.32
PROD_0072,2024,7,2729,485579.5
PROD_0072,2024,8,3059,631969.0
PROD_0072,2024,9,2101,396420.77
PROD_0072,2024,10,2383,437991.69
PROD_0072,2024,11,2166,339997.65
PROD_0072,2024,12,2528,534039.25
PROD_0073,2023,1,2808,513927.36000000004
PROD_0073,2023,2,3563,625184.44
PROD_0073,2023,3,3023,505680.01
PROD_0073,2023,4,3462,515324.68
PROD_0073,2023,5,3221,500712.58
PROD_0073,2023,6,2849,440647.94999999995
PROD_0073,2023,7,2787,499969.63
PROD_0073,2023,8,2402,439441.99
PROD_0073,2023,9,2325,389322.66000000003
PROD_0073,2023,10,1897,359154.02
PROD_0073,2023,11,2195,333162.89
PROD_0073,2023,12,2766,450477.28
PROD_0073,2024,1,3629,568524.14
PROD_0073,2024,2,3193,561698.56
PROD_0073,2024,3,3788,547991.46
PROD_0073,2024,4,3435,447729.04
PROD_0073,2024,5,3300,520705.43
PROD_0073,2024,6,3192,429541.19
PROD_0073,2024,7,2541,446655.45999999996
PROD_0073,2024,8,2042,347954.0
PROD_0073,2024,9,1914,335965.2
PROD_0073,2024,10,1958,303149.74
PROD_0073,2024,11,2172,352100.58
PROD_0073,2024,12,3039,572245.84
PROD_0074,2023,1,2984,509115.41
PROD_0074,2023,2,3166,511003.06
PROD_0074,2023,3,3902,772550.24
PROD_0074,2023,4,3608,597644.1900000001
PROD_0074,2023,5,3507,561976.23
PROD_0074,2023,6,3281,524416.81
PROD_0074,2023,7,2819,527936.8
PROD_0074,2023,8,2088,365028.04
PROD_0074,2023,9,2165,341641.33
PROD_0074,2023,10,2088,302628.31
PROD_0074,2023,11,2479,357622.7
PROD_0074,2023,12,2268,354758.97
PROD_0074,2024,1,3404,547404.4
PROD_0074,2024,2,3146,412586.67
PROD_0074,2024,3,3488,559057.28
PROD_0074,2024,4,3667,483713.71
PROD_0074,2024,5,3417,536811.66
PROD_0074,2024,6,3246,637752.42
PROD_0074,2024,7,3228,537719.26
PROD_0074,2024,8,2504,369683.23
PROD_0074,2024,9,2091,330580.45
PROD_0074,2024,10,2181,338554.72
PROD_0074,2024,11,2587,435969.69
PROD_0074,2024,12,2107,376272.07
PROD_0075,2023,1,3336,499316.63
PROD_0075,2023,2,2998,458109.49
PROD_0075,2023,3,3713,573291.39
PROD_0075,2023,4,3458,550597.91
PROD_0075,2023,5,3875,664290.59
PROD_0075,2023,6,3260,420635.99
PROD_0075,2023,7,2630,433095.66
PROD_0075,2023,8,2364,315978.6
PROD_0075,2023,9,2066,329567.33
PROD_0075,2023,10,2219,343511.74
PROD_0075,2023,11,2559,443860.87
PROD_0075,2023,12,2468,401280.6
PROD_0075,2024,1,3105,520567.55
PROD_0075,2024,2,3313,602145.5700000001
PROD_0075,2024,3,3666,660708.02
PROD_0075,2024,4,3565,624415.99
PROD_0075,2024,5,3565,648407.0
PROD_0075,2024,6,2903,472000.81
PROD_0075,2024,7,2568,469952.75
PROD_0075,2024,8,2666,494851.39
PROD_0075,2024,9,2008,301679.85
PROD_0075,2024,10,2249,423996.17
PROD_0075,2024,11,2480,414300.35
PROD_0075,2024,12,2543,486445.91000000003
PROD_0076,2023,1,2937,507468.52999999997
PROD_0076,2023,2,3123,467402.83999999997
PROD_0076,2023,3,4184,704198.61
PROD_0076,2023,4,2732,459090.7
PROD_0076,2023,5,3441,569377.07
PROD_0076,2023,6,3122,536335.75
PROD_0076,2023,7,2631,477104.52
PROD_0076,2023,8,2454,375021.71
PROD_0076,2023,9,1735,260797.69
PROD_0076,2023,10,2019,322197.25
PROD_0076,2023,11,2170,352484.44
PROD_0076,2023,12,2409,383811.28
PROD_0076,2024,1,3441,607763.99
PROD_0076,2024,2,3093,516843.57
PROD_0076,2024,3,4052,687769.3
PROD_0076,2024,4,3573,579901.46
PROD_0076,2024,5,3673,540811.22
PROD_0076,2024,6,3159,496620.09
PROD_0076,2024,7,2493,481361.88
PROD_0076,2024,8,2398,363358.39
PROD_0076,2024,9,2227,341097.82
PROD_0076,2024,10,2093,363442.76
PROD_0076,2024,11,2706,436657.4
PROD_0076,2024,12,2684,436601.43
PROD_0077,2023,1,2901,564265.67
PROD_0077,2023,2,3412,456088.54
PROD_0077,2023,3,3038,529765.83
PROD_0077,2023,4,3371,520786.17000000004
PROD_0077,2023,5,3240,539003.12
PROD_0077,2023,6,3277,540415.3
PROD_0077,2023,7,2549,404173.07
PROD_0077,2023,8,2825,389152.72
PROD_0077,2023,9,2253,392200.63
PROD_0077,2023,10,2005,301516.42
PROD_0077,2023,11,2572,387028.57
PROD_0077,2023,12,2573,422510.32
PROD_0077,2024,1,2831,459819.88
PROD_0077,2024,2,3194,507758.19999999995
PROD_0077,2024,3,3192,519301.88
PROD_0077,2024,4,3416,579952.4
PROD_0077,2024,5,3486,483269.56
PROD_0077,2024,6,3091,459357.82
PROD_0077,2024,7,2741,435963.56
PROD_0077,2024,8,2386,387641.25
PROD_0077,2024,9,2012,301308.49
PROD_0077,2024,10,2125,304470.52
PROD_0077,2024,11,1949,299232.0
PROD_0077,2024,12,2811,409529.57
PROD_0078,2023,1,3054,472558.7
PROD_0078,2023,2,3130,500246.89
PROD_0078,2023,3,3827,643850.91
PROD_0078,2023,4,4215,671387.62
PROD_0078,2023,5,3620,581127.1
PROD_0078,2023,6,3121,608346.56
PROD_0078,2023,7,2737,475238.98
PROD_0078,2023,8,2442,413162.3
PROD_0078,2023,9,2207,354065.39
PROD_0078,2023,10,1875,306311.58
PROD_0078,2023,11,2110,386144.8
PROD_0078,2023,12,2689,423037.58
PROD_0078,2024,1,2785,459090.57
PROD_0078,2024,2,2622,471033.49
PROD_0078,2024,3,3086,556711.29
PROD_0078,2024,4,3736,591318.41
PROD_0078,2024,5,3409,537027.48
PROD_0078,2024,6,2958,526353.52
PROD_0078,2024,7,2783,468954.21
PROD_0078,2024,8,2208,352840.07
PROD_0078,2024,9,2134,328462.7
PROD_0078,2024,10,1904,332409.41
PROD_0078,2024,11,2199,438921.43
PROD_0078,2024,12,3074,510855.18
PROD_0079,2023,1,3265,575559.4
PROD_0079,2023,2,3160,598576.31
PROD_0079,2023,3,3226,419272.93
PROD_0079,2023,4,2987,494059.09
PROD_0079,2023,5,3796,581475.18
PROD_0079,2023,6,3087,454858.6
PROD_0079,2023,7,2848,547130.01
PROD_0079,2023,8,2641,446747.14
PROD_0079,2023,9,2065,328215.02
PROD_0079,2023,10,2052,331849.5
PROD_0079,2023,11,2410,468155.24
PROD_0079,2023,12,2591,452336.11
PROD_0079,2024,1,2959,416504.58
PROD_0079,2024,2,3541,629134.14
PROD_0079,2024,3,3462,617286.51
PROD_0079,2024,4,3461,539542.55
PROD_0079,2024,5,3505,653491.79
PROD_0079,2024,6,2982,485354.78
PROD_0079,2024,7,2483,392610.96
PROD_0079,2024,8,2968,445402.6
PROD_0079,2024,9,2102,330973.11
PROD_0079,2024,10,2762,515127.01
PROD_0079,2024,11,2414,371689.56
PROD_0079,2024,12,1903,301868.62
PROD_0080,2023,1,3265,627634.56
PROD_0080,2023,2,2825,421505.14
PROD_0080,2023,3,3850,513559.8
PROD_0080,2023,4,3636,554007.58
PROD_0080,2023,5,3321,569020.67
PROD_0080,2023,6,2658,365327.33
PROD_0080,2023,7,2485,418278.31
PROD_0080,2023,8,2503,353274.61
PROD_0080,2023,9,2268,338651.18
PROD_0080,2023,10,2183,354476.46
PROD_0080,2023,11,2481,338061.37
PROD_0080,2023,12,2467,406829.96
PROD_0080,2024,1,4038,853947.29
PROD_0080,2024,2,2939,491027.83999999997
PROD_0080,2024,3,3401,548615.28
PROD_0080,2024,4,3601,625850.26
PROD_0080,2024,5,3469,607223.08
PROD_0080,2024,6,3296,518206.57
PROD_0080,2024,7,2637,432839.79
PROD_0080,2024,8,2390,448317.56
PROD_0080,2024,9,2065,300167.56
PROD_0080,2024,10,2383,436048.88
PROD_0080,2024,11,2281,358490.95
PROD_0080,2024,12,2957,464832.11
PROD_0081,2023,1,2762,390434.29
PROD_0081,2023,2,3809,612044.32
PROD_0081,2023,3,3710,579505.51
PROD_0081,2023,4,3429,447286.81
PROD_0081,2023,5,3432,539291.29
PROD_0081,2023,6,2652,477337.8
PROD_0081,2023,7,2400,413968.75
PROD_0081,2023,8,2277,456305.7
PROD_0081,2023,9,1943,341814.76
PROD_0081,2023,10,1837,272882.03
PROD_0081,2023,11,2393,360419.72
PROD_0081,2023,12,2387,379506.02
PROD_0081,2024,1,3045,479673.17
PROD_0081,2024,2,2926,435631.7
PROD_0081,2024,3,3569,559815.38
PROD_0081,2024,4,3219,489022.46
PROD_0081,2024,5,3598,611893.04
PROD_0081,2024,6,2711,445577.2
PROD_0081,2024,7,2951,487945.38
PROD_0081,2024,8,2155,394553.4
PROD_0081,2024,9,2317,394379.19
PROD_0081,2024,10,2217,355210.4
PROD_0081,2024,11,2371,403461.29
PROD_0081,2024,12,2222,341068.31
PROD_0082,2023,1,3319,559334.41
PROD_0082,2023,2,3059,539973.04
PROD_0082,2023,3,3744,666204.82
PROD_0082,2023,4,3496,593636.49
PROD_0082,2023,5,3085,487857.17
PROD_0082,2023,6,2835,447105.35
PROD_0082,2023,7,2966,486244.31
PROD_0082,2023,8,2290,352160.87
PROD_0082,2023,9,2434,431082.84
PROD_0082,2023,10,2200,367199.68
PROD_0082,2023,11,2451,443310.03
PROD_0082,2023,12,2710,360625.68
PROD_0082,2024,1,3023,492322.51999999996
PROD_0082,2024,2,3161,510720.67
PROD_0082,2024,3,3265,500812.7
PROD_0082,2024,4,3358,586799.27
PROD_0082,2024,5,3149,470639.89
PROD_0082,2024,6,2924,445170.04
PROD_0082,2024,7,2835,534230.19
PROD_0082,2024,8,2221,397783.01
PROD_0082,2024,9,1973,353081.22
PROD_0082,2024,10,1784,296725.37
PROD_0082,2024,11,2381,414990.73
PROD_0082,2024,12,2910,431571.67
PROD_0083,2023,1,3402,560577.81
PROD_0083,2023,2,3050,499375.41
PROD_0083,2023,3,3943,564983.59
PROD_0083,2023,4,3577,642594.95
PROD_0083,2023,5,3437,483241.51
PROD_0083,2023,6,3244,537697.04
PROD_0083,2023,7,2644,445074.02
PROD_0083,2023,8,2052,346461.9
PROD_0083,2023,9,1981,377627.26
PROD_0083,2023,10,2289,377964.47
PROD_0083,2023,11,2579,410019.04
PROD_0083,2023,12,2663,429340.06
PROD_0083,2024,1,2961,461805.12
PROD_0083,2024,2,2787,448651.27999999997
PROD_0083,2024,3,2980,481724.95
PROD_0083,2024,4,3304,556701.27
PROD_0083,2024,5,3037,486784.58
PROD_0083,2024,6,2887,505288.24
PROD_0083,2024,7,2920,489907.5
PROD_0083,2024,8,2104,333907.85000000003
PROD_0083,2024,9,2194,369372.93
PROD_0083,2024,10,2030,310899.22
PROD_0083,2024,11,2553,433356.07
PROD_0083,2024,12,2862,419340.79
PROD_0084,2023,1,2793,440568.95
PROD_0084,2023,2,2687,432339.62
PROD_0084,2023,3,3567,595410.63
PROD_0084,2023,4,3255,484644.17
PROD_0084,2023,5,2873,468375.29
PROD_0084,2023,6,3234,525337.97
PROD_0084,2023,7,3030,492985.63
PROD_0084,2023,8,2315,392688.71
PROD_0084,2023,9,2406,447661.4
PROD_0084,2023,10,2007,307366.5
PROD_0084,2023,11,2271,355528.73
PROD_0084,2023,12,2787,454791.73
PROD_0084,2024,1,3230,450582.34
PROD_0084,2024,2,3226,479198.51
PROD_0084,2024,3,3445,510523.54
PROD_0084,2024,4,3256,472193.87
PROD_0084,2024,5,3130,499996.61
PROD_0084,2024,6,3178,492766.54
PROD_0084,2024,7,2158,383356.67
PROD_0084,2024,8,2270,393426.85000000003
PROD_0084,2024,9,2037,321476.48
PROD_0084,2024,10,2237,362540.82
PROD_0084,2024,11,2189,408455.32
PROD_0084,2024,12,3447,597596.0
PROD_0085,2023,1,2925,580929.59
PROD_0085,2023,2,3566,709813.11
PROD_0085,2023,3,4090,624942.45
PROD_0085,2023,4,3968,535869.16
PROD_0085,2023,5,3098,504995.86
PROD_0085,2023,6,3071,471638.82
PROD_0085,2023,7,2535,402295.71
PROD_0085,2023,8,2117,366262.66
PROD_0085,2023,9,2146,360135.5
PROD_0085,2023,10,2588,397639.24
PROD_0085,2023,11,2188,354452.77999999997
PROD_0085,2023,12,2711,455312.87
PROD_0085,2024,1,3508,629585.59
PROD_0085,2024,2,3461,606394.39
PROD_0085,2024,3,4470,833257.98
PROD_0085,2024,4,3844,690262.78
PROD_0085,2024,5,3924,581297.0599999999
PROD_0085,2024,6,3156,480369.16
PROD_0085,2024,7,2459,445399.14999999997
PROD_0085,2024,8,2161,333229.22
PROD_0085,2024,9,1951,298402.48
PROD_0085,2024,10,2503,418842.47
PROD_0085,2024,11,2104,318775.14
PROD_0085,2024,12,2335,378257.94
PROD_0086,2023,1,2561,393046.79
PROD_0086,2023,2,2311,368130.65
PROD_0086,2023,3,3874,665612.37
PROD_0086,2023,4,2974,461159.86
PROD_0086,2023,5,3409,562271.67
PROD_0086,2023,6,2969,503759.93
PROD_0086,2023,7,2196,359513.36
PROD_0086,2023,8,2598,398750.37
PROD_0086,2023,9,2121,410363.39999999997
PROD_0086,2023,10,2058,281812.0
PROD_0086,2023,11,1919,353412.6
PROD_0086,2023,12,3094,427432.22
PROD_0086,2024,1,2952,507734.91
PROD_0086,2024,2,3697,675149.58
PROD_0086,2024,3,3195,538442.38
PROD_0086,2024,4,3265,488427.81
PROD_0086,2024,5,3769,641803.39
PROD_0086,2024,6,3262,460742.38999999996
PROD_0086,2024,7,2742,487940.42000000004
PROD_0086,2024,8,2652,486142.96
PROD_0086,2024,9,2081,374891.55
PROD_0086,2024,10,1947,320955.81
PROD_0086,2024,11,2402,427615.72000000003
PROD_0086,2024,12,2619,505252.23
PROD_0087,2023,1,3130,506752.42
PROD_0087,2023,2,2559,363080.47
PROD_0087,2023,3,4076,592680.59
PROD_0087,2023,4,2884,495027.96
PROD_0087,2023,5,3757,542995.64
PROD_0087,2023,6,3159,540707.74
PROD_0087,2023,7,2308,393040.15
PROD_0087,2023,8,2530,460429.72
PROD_0087,2023,9,1888,333496.44
PROD_0087,2023,10,2379,445024.12
PROD_0087,2023,11,2105,341882.97
PROD_0087,2023,12,3161,558260.52
PROD_0087,2024,1,3483,596607.4
PROD_0087,2024,2,3383,537779.94
PROD_0087,2024,3,3724,649349.16
PROD_0087,2024,4,3638,573815.49
PROD_0087,2024,5,3515,490714.58999999997
PROD_0087,2024,6,2966,446280.98
PROD_0087,2024,7,2420,413788.39
PROD_0087,2024,8,2335,366693.08
PROD_0087,2024,9,2234,330353.38
PROD_0087,2024,10,2528,354169.87
PROD_0087,2024,11,2012,368580.87
PROD_0087,2024,12,2883,438969.84
PROD_0088,2023,1,3263,480983.47000000003
PROD_0088,2023,2,2782,388383.04
PROD_0088,2023,3,3883,588934.73
PROD_0088,2023,4,3541,547532.89
PROD_0088,2023,5,3210,459283.62
PROD_0088,2023,6,3102,411962.39
PROD_0088,2023,7,2703,493217.07
PROD_0088,2023,8,2323,368087.27999999997
PROD_0088,2023,9,1962,314227.76
PROD_0088,2023,10,2242,370586.26
PROD_0088,2023,11,2603,367168.23
PROD_0088,2023,12,2563,359399.82
PROD_0088,2024,1,3662,719164.43
PROD_0088,2024,2,3199,439331.32
PROD_0088,2024,3,3239,523693.04000000004
PROD_0088,2024,4,3061,425455.32
PROD_0088,2024,5,3785,586779.89
PROD_0088,2024,6,2873,473945.43
PROD_0088,2024,7,2665,484381.38
PROD_0088,2024,8,2282,354803.43
PROD_0088,2024,9,2376,345885.29
PROD_0088,2024,10,2125,343891.63
PROD_0088,2024,11,2557,314027.26
PROD_0088,2024,12,2902,490215.74
PROD_0089,2023,1,3095,493256.67
PROD_0089,2023,2,3193,565328.12
PROD_0089,2023,3,3553,554194.5
PROD_0089,2023,4,3230,464950.87
PROD_0089,2023,5,3471,518765.76
PROD_0089,2023,6,3338,456086.73000000004
PROD_0089,2023,7,2864,527246.01
PROD_0089,2023,8,2406,365214.78
PROD_0089,2023,9,1850,319619.95
PROD_0089,2023,10,2030,324595.36
PROD_0089,2023,11,2256,330964.55
PROD_0089,2023,12,2704,512710.23
PROD_0089,2024,1,3327,581278.54
PROD_0089,2024,2,3154,481398.15
PROD_0089,2024,3,3241,626745.81
PROD_0089,2024,4,3824,579231.43
PROD_0089,2024,5,2714,421996.58
PROD_0089,2024,6,2884,455873.08
PROD_0089,2024,7,2532,340922.64
PROD_0089,2024,8,2279,356640.99
PROD_0089,2024,9,2045,313050.2
PROD_0089,2024,10,2259,371250.74
PROD_0089,2024,11,2026,326786.86
PROD_0089,2024,12,3026,524481.97
PROD_0090,2023,1,2816,398429.58
PROD_0090,2023,2,2931,444302.74
PROD_0090,2023,3,3724,620708.6
PROD_0090,2023,4,3605,503338.66
PROD_0090,2023,5,3376,592189.87
PROD_0090,2023,6,3025,536082.74
PROD_0090,2023,7,2606,386528.7
PROD_0090,2023,8,2254,458582.04
PROD_0090,2023,9,1802,275027.47
PROD_0090,2023,10,2174,322636.74
PROD_0090,2023,11,2340,433893.16
PROD_0090,2023,12,2601,353593.81
PROD_0090,2024,1,2946,430411.68
PROD_0090,2024,2,3628,542470.04
PROD_0090,2024,3,3013,451409.36
PROD_0090,2024,4,3489,642558.24
PROD_0090,2024,5,3580,519336.42
PROD_0090,2024,6,2626,428015.42
PROD_0090,2024,7,2794,478658.01
PROD_0090,2024,8,2194,329510.98
PROD_0090,2024,9,1999,399665.35
PROD_0090,2024,10,2250,317991.57
PROD_0090,2024,11,2338,330196.77
PROD_0090,2024,12,2895,433743.55
PROD_0091,2023,1,2631,372974.41
PROD_0091,2023,2,2644,440890.85
PROD_0091,2023,3,3511,530600.98
PROD_0091,2023,4,3694,683967.66
PROD_0091,2023,5,3529,525979.63
PROD_0091,2023,6,3351,603736.67
PROD_0091,2023,7,2888,463968.14
PROD_0091,2023,8,2218,357368.56
PROD_0091,2023,9,2336,359603.38
PROD_0091,2023,10,2508,401570.93
PROD_0091,2023,11,2113,384409.58
PROD_0091,2023,12,2876,479939.93
PROD_0091,2024,1,3133,556220.03
PROD_0091,2024,2,3433,457994.7
PROD_0091,2024,3,3828,628659.26
PROD_0091,2024,4,3966,571700.63
PROD_0091,2024,5,2703,502413.95
PROD_0091,2024,6,2817,536782.36
PROD_0091,2024,7,2953,515425.81
PROD_0091,2024,8,2527,441979.77999999997
PROD_0091,2024,9,2230,374870.15
PROD_0091,2024,10,2228,342140.57
PROD_0091,2024,11,2071,326074.0
PROD_0091,2024,12,2494,399451.08999999997
PROD_0092,2023,1,2941,505366.52999999997
PROD_0092,2023,2,2978,531572.84
PROD_0092,2023,3,3644,633182.28
PROD_0092,2023,4,3545,639351.75
PROD_0092,2023,5,3889,674983.77
PROD_0092,2023,6,3107,546188.03
PROD_0092,2023,7,2737,393922.85000000003
PROD_0092,2023,8,1810,317715.47
PROD_0092,2023,9,2112,266365.58
PROD_0092,2023,10,2257,364316.7
PROD_0092,2023,11,2789,501939.97000000003
PROD_0092,2023,12,2905,525394.38
PROD_0092,2024,1,4001,684447.16
PROD_0092,2024,2,3143,529793.06
PROD_0092,2024,3,3825,412328.65
PROD_0092,2024,4,3732,549563.11
PROD_0092,2024,5,3563,549729.84
PROD_0092,2024,6,2986,438893.05
PROD_0092,2024,7,2546,351257.85
PROD_0092,2024,8,2274,439245.33
PROD_0092,2024,9,2568,362309.55
PROD_0092,2024,10,2079,360585.86
PROD_0092,2024,11,1976,368902.99
PROD_0092,2024,12,3032,461271.66000000003
PROD_0093,2023,1,3202,549748.66
PROD_0093,2023,2,3326,543702.89
PROD_0093,2023,3,3165,474383.61
PROD_0093,2023,4,3607,682175.98
PROD_0093,2023,5,3070,497659.14
PROD_0093,2023,6,3351,526152.71
PROD_0093,2023,7,2458,438924.05
PROD_0093,2023,8,2030,378090.11
PROD_0093,2023,9,2326,316024.95
PROD_0093,2023,10,2279,345661.41
PROD_0093,2023,11,2403,376968.22000000003
PROD_0093,2023,12,2855,530333.09
PROD_0093,2024,1,3129,566846.52
PROD_0093,2024,2,2816,430632.17
PROD_0093,2024,3,3392,455190.38
PROD_0093,2024,4,3287,532832.35
PROD_0093,2024,5,3667,584197.59
PROD_0093,2024,6,3213,547787.25
PROD_0093,2024,7,2409,407633.94
PROD_0093,2024,8,2138,379422.18
PROD_0093,2024,9,2013,296707.49
PROD_0093,2024,10,2094,323827.10000000003
PROD_0093,2024,11,2268,365854.6
PROD_0093,2024,12,2673,442881.44
PROD_0094,2023,1,3032,538787.2
PROD_0094,2023,2,3063,405765.81
PROD_0094,2023,3,3651,642371.66
PROD_0094,2023,4,3755,652923.64
PROD_0094,2023,5,4045,686247.6
PROD_0094,2023,6,2603,381047.81
PROD_0094,2023,7,2715,447755.64
PROD_0094,2023,8,2281,389390.47
PROD_0094,2023,9,2118,382371.82
PROD_0094,2023,10,2055,331309.42
PROD_0094,2023,11,2173,324588.21
PROD_0094,2023,12,2726,483673.53
PROD_0094,2024,1,3314,595897.83
PROD_0094,2024,2,3175,529958.74
PROD_0094,2024,3,3601,542082.72
PROD_0094,2024,4,3593,598228.28
PROD_0094,2024,5,3517,605322.44
PROD_0094,2024,6,2982,429210.36
PROD_0094,2024,7,2780,452205.27
PROD_0094,2024,8,2553,396623.46
PROD_0094,2024,9,2026,365876.54
PROD_0094,2024,10,2294,411542.71
PROD_0094,2024,11,2186,307816.38
PROD_0094,2024,12,2792,500540.82
PROD_0095,2023,1,3312,463287.99
PROD_0095,2023,2,3328,602993.71
PROD_0095,2023,3,3559,548969.09
PROD_0095,2023,4,3781,688889.35
PROD_0095,2023,5,3843,660903.5599999999
PROD_0095,2023,6,2975,586106.54
PROD_0095,2023,7,2718,469927.56
PROD_0095,2023,8,2158,284455.83999999997
PROD_0095,2023,9,2099,370679.91000000003
PROD_0095,2023,10,2264,333858.69
PROD_0095,2023,11,2095,290402.69
PROD_0095,2023,12,2729,418303.18
PROD_0095,2024,1,3185,494212.4
PROD_0095,2024,2,2770,431231.41
PROD_0095,2024,3,3699,514023.27999999997
PROD_0095,2024,4,3120,563518.83
PROD_0095,2024,5,2999,540368.37
PROD_0095,2024,6,3032,430714.84
PROD_0095,2024,7,2782,460388.29
PROD_0095,2024,8,2119,327677.64
PROD_0095,2024,9,2063,354167.47000000003
PROD_0095,2024,10,2327,365165.93
PROD_0095,2024,11,2203,385979.33
PROD_0095,2024,12,3059,473565.91
PROD_0096,2023,1,2777,430442.88
PROD_0096,2023,2,2946,444381.15
PROD_0096,2023,3,3518,496522.64999999997
PROD_0096,2023,4,3048,454522.65
PROD_0096,2023,5,3455,625562.58
PROD_0096,2023,6,2756,519869.62
PROD_0096,2023,7,2531,397181.96
PROD_0096,2023,8,2395,327101.87
PROD_0096,2023,9,2172,389354.76
PROD_0096,2023,10,2556,359663.76
PROD_0096,2023,11,2007,322088.18
PROD_0096,2023,12,2698,385343.28
PROD_0096,2024,1,3376,553345.4400000001
PROD_0096,2024,2,3283,450402.83
PROD_0096,2024,3,4540,779986.99
PROD_0096,2024,4,3739,640357.6599999999
PROD_0096,2024,5,4141,856516.74
PROD_0096,2024,6,3284,575755.4
PROD_0096,2024,7,2570,447458.24
PROD_0096,2024,8,2243,436170.35
PROD_0096,2024,9,2325,392199.67
PROD_0096,2024,10,2556,416434.12
PROD_0096,2024,11,2245,419866.88
PROD_0096,2024,12,3025,502880.51
PROD_0097,2023,1,3294,462299.42
PROD_0097,2023,2,2949,402572.91000000003
PROD_0097,2023,3,3313,593807.76
PROD_0097,2023,4,3037,493087.8
PROD_0097,2023,5,2869,471830.23
PROD_0097,2023,6,2641,452456.03
PROD_0097,2023,7,2505,335253.91000000003
PROD_0097,2023,8,2693,403117.11
PROD_0097,2023,9,1919,315881.29000000004
PROD_0097,2023,10,2194,356124.25
PROD_0097,2023,11,2170,371975.15
PROD_0097,2023,12,2530,429216.89
PROD_0097,2024,1,3009,467501.95
PROD_0097,2024,2,3051,432044.76
PROD_0097,2024,3,3080,555416.75
PROD_0097,2024,4,3663,547861.22
PROD_0097,2024,5,3249,465025.46
PROD_0097,2024,6,2940,533126.23
PROD_0097,2024,7,3038,475901.09
PROD_0097,2024,8,2257,418638.64
PROD_0097,2024,9,1755,332791.04
PROD_0097,2024,10,2076,368035.33
PROD_0097,2024,11,2381,398257.23
PROD_0097,2024,12,2806,528584.52
PROD_0098,2023,1,3201,539833.44
PROD_0098,2023,2,2983,387420.04
PROD_0098,2023,3,3360,564652.74
PROD_0098,2023,4,3209,550850.98
PROD_0098,2023,5,3181,526926.53
PROD_0098,2023,6,2724,406091.16
PROD_0098,2023,7,2761,482361.0
PROD_0098,2023,8,2264,329401.21
PROD_0098,2023,9,1972,318898.46
PROD_0098,2023,10,2174,390505.39
PROD_0098,2023,11,2073,315764.36
PROD_0098,2023,12,2341,384225.46
PROD_0098,2024,1,3598,592602.9
PROD_0098,2024,2,3366,452246.7
PROD_0098,2024,3,3623,561129.36
PROD_0098,2024,4,3345,447049.3
PROD_0098,2024,5,3338,440348.01
PROD_0098,2024,6,2781,476579.17
PROD_0098,2024,7,2937,443741.1
PROD_0098,2024,8,2354,426266.73
PROD_0098,2024,9,1998,361957.15
PROD_0098,2024,10,2409,396075.46
PROD_0098,2024,11,2129,365673.66
PROD_0098,2024,12,2839,491466.09
PROD_0099,2023,1,3176,476770.54000000004
PROD_0099,2023,2,3838,669730.91
PROD_0099,2023,3,3551,573205.61
PROD_0099,2023,4,3709,614482.97
PROD_0099,2023,5,3332,575363.42
PROD_0099,2023,6,3144,471976.38
PROD_0099,2023,7,2775,394335.58999999997
PROD_0099,2023,8,2574,383956.08
PROD_0099,2023,9,2267,418262.23000000004
PROD_0099,2023,10,2394,423249.92
PROD_0099,2023,11,2363,396810.25
PROD_0099,2023,12,2843,425496.32
PROD_0099,2024,1,3427,630006.23
PROD_0099,2024,2,3561,612258.73
PROD_0099,2024,3,3805,639494.39
PROD_0099,2024,4,4256,647871.24
PROD_0099,2024,5,3628,562004.03
PROD_0099,2024,6,3477,528222.19
PROD_0099,2024,7,3019,444606.68
PROD_0099,2024,8,2176,438046.14
PROD_0099,2024,9,1854,287168.18
PROD_0099,2024,10,2327,427532.69
PROD_0099,2024,11,2305,388894.8
PROD_0099,2024,12,2551,400881.58
PROD_0100,2023,1,2965,503168.02
PROD_0100,2023,2,2895,516660.37
PROD_0100,2023,3,3631,534796.65
PROD_0100,2023,4,3232,582658.04
PROD_0100,2023,5,3844,675667.67
PROD_0100,2023,6,2666,507386.0
PROD_0100,2023,7,2376,383790.17
PROD_0100,2023,8,2368,390730.48
PROD_0100,2023,9,2239,326909.58
PROD_0100,2023,10,2153,344420.63
PROD_0100,2023,11,2633,408198.73
PROD_0100,2023,12,2766,393296.4
PROD_0100,2024,1,2720,457897.12
PROD_0100,2024,2,3008,465905.84
PROD_0100,2024,3,3813,696520.83
PROD_0100,2024,4,3755,654188.86
PROD_0100,2024,5,3306,537856.61
PROD_0100,2024,6,2427,389566.74
PROD_0100,2024,7,2844,391977.52
PROD_0100,2024,8,2408,445990.94
PROD_0100,2024,9,1941,296405.03
PROD_0100,2024,10,2240,330427.82
PROD_0100,2024,11,2490,452847.58999999997
PROD_0100,2024,12,2752,384230.78
